,Players,Pos1,Pos2,Pos3,Pos4,Pos5,PictureLink,Unnamed: 0
0,Jonas ValanÄiÅ«nas,C,,,,,https://www.basketball-reference.com/req/202106291/images/headshots/valanjo01.jpg,
1,Carlton Carrington,PG,,,,,https://www.basketball-reference.com/req/202106291/images/headshots/carrica01.jpg,
2,Bilal Coulibaly,SF,,,,,https://www.basketball-reference.com/req/202106291/images/headshots/coulibi01.jpg,
3,Alex Sarr,C,PF,,,,https://www.basketball-reference.com/req/202106291/images/headshots/sarral01.jpg,
4,Corey Kispert,SF,,,,,https://www.basketball-reference.com/req/202106291/images/headshots/kispeco01.jpg,
5,Kyshawn George,SG,,,,,https://www.basketball-reference.com/req/202106291/images/headshots/georgky01.jpg,
6,Jordan Poole,SG,PG,,,,https://www.basketball-reference.com/req/202106291/images/headshots/poolejo01.jpg,
7,Jared Butler,PG,SG,,,,https://www.basketball-reference.com/req/202106291/images/headshots/butleja02.jpg,
8,Anthony Gill,PF,,,,,https://www.basketball-reference.com/req/202106291/images/headshots/gillan01.jpg,
9,Johnny Davis,SG,PG,,,,https://www.basketball-reference.com/req/202106291/images/headshots/davisjo01.jpg,
10,Kyle Kuzma,PF,SF,,,,https://www.basketball-reference.com/req/202106291/images/headshots/kuzmaky01.jpg,
11,Justin Champagnie,SF,,,,,https://www.basketball-reference.com/req/202106291/images/headshots/champju01.jpg,
12,Marvin Bagley III,C,PF,,,,https://www.basketball-reference.com/req/202106291/images/headshots/baglema01.jpg,
13,Patrick Baldwin Jr.,SF,,,,,https://www.basketball-reference.com/req/202106291/images/headshots/baldwpa01.jpg,
14,Malcolm Brogdon,PG,SG,,,,https://www.basketball-reference.com/req/202106291/images/headshots/brogdma01.jpg,
15,Richaun Holmes,C,PF,,,,https://www.basketball-reference.com/req/202106291/images/headshots/holmeri01.jpg,
16,Tristan Vukcevic,C,,,,,https://www.basketball-reference.com/req/202106291/images/headshots/vukcetr01.jpg,
17,Saddiq Bey,SF,,,,,https://www.basketball-reference.com/req/202106291/images/headshots/beysa01.jpg,
18,Collin Sexton,SG,PG,,,,https://www.basketball-reference.com/req/202106291/images/headshots/sextoco01.jpg,
19,Walker Kessler,C,,,,,https://www.basketball-reference.com/req/202106291/images/headshots/kesslwa01.jpg,
20,Isaiah Collier,PG,,,,,https://www.basketball-reference.com/req/202106291/images/headshots/colliis01.jpg,
21,Drew Eubanks,C,PF,,,,https://www.basketball-reference.com/req/202106291/images/headshots/eubandr01.jpg,
22,Lauri Markkanen,PF,SF,,,,https://www.basketball-reference.com/req/202106291/images/headshots/markkla01.jpg,
23,Keyonte George,PG,SG,,,,https://www.basketball-reference.com/req/202106291/images/headshots/georgke01.jpg,
24,Brice Sensabaugh,SF,,,,,https://www.basketball-reference.com/req/202106291/images/headshots/sensabr01.jpg,
25,Johnny Juzang,SG,,,,,https://www.basketball-reference.com/req/202106291/images/headshots/juzanjo01.jpg,
26,Kyle Filipowski,C,,,,,https://www.basketball-reference.com/req/202106291/images/headshots/filipky01.jpg,
27,John Collins,PF,,,,,https://www.basketball-reference.com/req/202106291/images/headshots/collijo01.jpg,
28,Cody Williams,PG,SG,SF,PF,C,https://www.basketball-reference.com/req/202106291/images/headshots/willico03.jpg,
29,Jordan Clarkson,SG,PG,,,,https://www.basketball-reference.com/req/202106291/images/headshots/clarkjo01.jpg,
30,Svi Mykhailiuk,SF,,,,,https://www.basketball-reference.com/req/202106291/images/headshots/mykhasv01.jpg,
31,Patty Mills,PG,SG,,,,https://www.basketball-reference.com/req/202106291/images/headshots/millspa02.jpg,
32,Micah Potter,PF,C,,,,https://www.basketball-reference.com/req/202106291/images/headshots/pottemi01.jpg,
33,Elijah Harkless,PG,SG,SF,PF,C,https://www.basketball-reference.com/req/202106291/images/headshots/harklel01.jpg,
34,Taylor Hendricks,PF,,,,,https://www.basketball-reference.com/req/202106291/images/headshots/hendrta01.jpg,
35,Oscar Tshiebwe,PF,C,,,,https://www.basketball-reference.com/req/202106291/images/headshots/tshieos01.jpg,
36,Jamal Shead,PG,,,,,https://www.basketball-reference.com/req/202106291/images/headshots/sheadja01.jpg,
37,Jakob Poeltl,C,,,,,https://www.basketball-reference.com/req/202106291/images/headshots/poeltja01.jpg,
38,Ochai Agbaji,SG,,,,,https://www.basketball-reference.com/req/202106291/images/headshots/agbajoc01.jpg,
39,Chris Boucher,PF,C,SF,,,https://www.basketball-reference.com/req/202106291/images/headshots/bouchch01.jpg,
40,Davion Mitchell,PG,,,,,https://www.basketball-reference.com/req/202106291/images/headshots/mitchda01.jpg,
41,Gradey Dick,SG,,,,,https://www.basketball-reference.com/req/202106291/images/headshots/dickgr01.jpg,
42,RJ Barrett,SG,SF,,,,https://www.basketball-reference.com/req/202106291/images/headshots/barrerj01.jpg,
43,Jonathan Mogbo,PF,,,,,https://www.basketball-reference.com/req/202106291/images/headshots/mogbojo01.jpg,
44,Jamison Battle,SF,,,,,https://www.basketball-reference.com/req/202106291/images/headshots/battlja01.jpg,
45,Scottie Barnes,PF,SG,SF,,,https://www.basketball-reference.com/req/202106291/images/headshots/barnesc01.jpg,
46,Ja'Kobe Walter,SG,,,,,https://www.basketball-reference.com/req/202106291/images/headshots/walteja01.jpg,
47,Kelly Olynyk,C,PF,,,,https://www.basketball-reference.com/req/202106291/images/headshots/olynyke01.jpg,
48,Garrett Temple,SG,SF,PG,,,https://www.basketball-reference.com/req/202106291/images/headshots/templga01.jpg,
49,Bruce Brown,PG,SF,SG,,,https://www.basketball-reference.com/req/202106291/images/headshots/brownbr01.jpg,
50,Immanuel Quickley,PG,SG,,,,https://www.basketball-reference.com/req/202106291/images/headshots/quickim01.jpg,
51,Ulrich Chomche,PF,,,,,https://www.basketball-reference.com/req/202106291/images/headshots/chomcul01.jpg,
52,A.J. Lawson,SG,,,,,https://www.basketball-reference.com/req/202106291/images/headshots/lawsoaj01.jpg,
53,Orlando Robinson,C,,,,,https://www.basketball-reference.com/req/202106291/images/headshots/robinor01.jpg,
54,Harrison Barnes,PF,SF,,,,https://www.basketball-reference.com/req/202106291/images/headshots/barneha02.jpg,
55,Julian Champagnie,SF,,,,,https://www.basketball-reference.com/req/202106291/images/headshots/champju02.jpg,
56,Chris Paul,PG,,,,,https://www.basketball-reference.com/req/202106291/images/headshots/paulch01.jpg,
57,Stephon Castle,PG,,,,,https://www.basketball-reference.com/req/202106291/images/headshots/castlst01.jpg,
58,Keldon Johnson,SF,,,,,https://www.basketball-reference.com/req/202106291/images/headshots/johnske04.jpg,
59,Victor Wembanyama,C,PF,,,,https://www.basketball-reference.com/req/202106291/images/headshots/wembavi01.jpg,
60,Zach Collins,C,PF,,,,https://www.basketball-reference.com/req/202106291/images/headshots/colliza01.jpg,
61,Charles Bassey,C,,,,,https://www.basketball-reference.com/req/202106291/images/headshots/bassech01.jpg,
62,Blake Wesley,SG,,,,,https://www.basketball-reference.com/req/202106291/images/headshots/weslebl01.jpg,
63,Devin Vassell,SG,SF,,,,https://www.basketball-reference.com/req/202106291/images/headshots/vassede01.jpg,
64,Malaki Branham,SG,PG,,,,https://www.basketball-reference.com/req/202106291/images/headshots/branhma01.jpg,
65,Sandro Mamukelashvili,C,PF,,,,https://www.basketball-reference.com/req/202106291/images/headshots/mamuksa01.jpg,
66,Tre Jones,PG,,,,,https://www.basketball-reference.com/req/202106291/images/headshots/jonestr01.jpg,
67,Jeremy Sochan,PF,,,,,https://www.basketball-reference.com/req/202106291/images/headshots/sochaje01.jpg,
68,Sidy Cissoko,SF,,,,,https://www.basketball-reference.com/req/202106291/images/headshots/cissosi01.jpg,
69,David Duke Jr.,SG,PG,,,,https://www.basketball-reference.com/req/202106291/images/headshots/dukeda01.jpg,
70,Riley Minix,SF,,,,,https://www.basketball-reference.com/req/202106291/images/headshots/minixri01.jpg,
71,Harrison Ingram,SF,,,,,https://www.basketball-reference.com/req/202106291/images/headshots/ingraha01.jpg,
72,Keon Ellis,SG,,,,,https://www.basketball-reference.com/req/202106291/images/headshots/elliske01.jpg,
73,De'Aaron Fox,PG,,,,,https://www.basketball-reference.com/req/202106291/images/headshots/foxde01.jpg,
74,Domantas Sabonis,C,PF,,,,https://www.basketball-reference.com/req/202106291/images/headshots/sabondo01.jpg,
75,Keegan Murray,SF,PF,,,,https://www.basketball-reference.com/req/202106291/images/headshots/murrake02.jpg,
76,Kevin Huerter,SG,SF,,,,https://www.basketball-reference.com/req/202106291/images/headshots/huertke01.jpg,
77,DeMar DeRozan,SG,SF,PF,,,https://www.basketball-reference.com/req/202106291/images/headshots/derozde01.jpg,
78,Malik Monk,SG,,,,,https://www.basketball-reference.com/req/202106291/images/headshots/monkma01.jpg,
79,Trey Lyles,PF,,,,,https://www.basketball-reference.com/req/202106291/images/headshots/lylestr01.jpg,
80,Alex Len,C,,,,,https://www.basketball-reference.com/req/202106291/images/headshots/lenal01.jpg,
81,Doug McDermott,SF,PF,,,,https://www.basketball-reference.com/req/202106291/images/headshots/mcderdo01.jpg,
82,Jordan McLaughlin,PG,,,,,https://www.basketball-reference.com/req/202106291/images/headshots/mclaujo01.jpg,
83,Colby Jones,SG,,,,,https://www.basketball-reference.com/req/202106291/images/headshots/jonesco02.jpg,
84,Isaac Jones,PF,,,,,https://www.basketball-reference.com/req/202106291/images/headshots/jonesis01.jpg,
85,Devin Carter,PG,SG,SF,PF,C,https://www.basketball-reference.com/req/202106291/images/headshots/cartede01.jpg,
86,Jae Crowder,SF,PF,,,,https://www.basketball-reference.com/req/202106291/images/headshots/crowdja01.jpg,
87,Isaiah Crawford,SF,,,,,https://www.basketball-reference.com/req/202106291/images/headshots/crawfis01.jpg,
88,Mason Jones,SG,,,,,https://www.basketball-reference.com/req/202106291/images/headshots/jonesma05.jpg,
89,Toumani Camara,PF,,,,,https://www.basketball-reference.com/req/202106291/images/headshots/camarto01.jpg,
90,Deni Avdija,SF,,,,,https://www.basketball-reference.com/req/202106291/images/headshots/avdijde01.jpg,
91,Anfernee Simons,SG,,,,,https://www.basketball-reference.com/req/202106291/images/headshots/simonan01.jpg,
92,Scoot Henderson,PG,,,,,https://www.basketball-reference.com/req/202106291/images/headshots/hendesc01.jpg,
93,Shaedon Sharpe,SG,,,,,https://www.basketball-reference.com/req/202106291/images/headshots/sharpsh01.jpg,
94,Kris Murray,SF,,,,,https://www.basketball-reference.com/req/202106291/images/headshots/murrakr01.jpg,
95,Dalano Banton,PG,,,,,https://www.basketball-reference.com/req/202106291/images/headshots/bantoda01.jpg,
96,Jerami Grant,PF,SF,,,,https://www.basketball-reference.com/req/202106291/images/headshots/grantje01.jpg,
97,Jabari Walker,SF,,,,,https://www.basketball-reference.com/req/202106291/images/headshots/walkeja01.jpg,
98,Deandre Ayton,C,,,,,https://www.basketball-reference.com/req/202106291/images/headshots/aytonde01.jpg,
99,Donovan Clingan,C,,,,,https://www.basketball-reference.com/req/202106291/images/headshots/clingdo01.jpg,
100,Rayan Rupert,SG,,,,,https://www.basketball-reference.com/req/202106291/images/headshots/ruperra01.jpg,
101,Duop Reath,C,,,,,https://www.basketball-reference.com/req/202106291/images/headshots/reathdu01.jpg,
102,Robert Williams,C,,,,,https://www.basketball-reference.com/req/202106291/images/headshots/williro04.jpg,
103,Justin Minaya,SF,,,,,https://www.basketball-reference.com/req/202106291/images/headshots/minayju01.jpg,
104,Bryce McGowens,SG,,,,,https://www.basketball-reference.com/req/202106291/images/headshots/mcgowbr01.jpg,
105,Taze Moore,PG,SG,SF,PF,C,https://www.basketball-reference.com/req/202106291/images/headshots/mooreta01.jpg,
106,Matisse Thybulle,SG,SF,,,,https://www.basketball-reference.com/req/202106291/images/headshots/thybuma01.jpg,
107,Tyus Jones,PG,,,,,https://www.basketball-reference.com/req/202106291/images/headshots/jonesty01.jpg,
108,Mason Plumlee,C,,,,,https://www.basketball-reference.com/req/202106291/images/headshots/plumlma01.jpg,
109,Ryan Dunn,SF,,,,,https://www.basketball-reference.com/req/202106291/images/headshots/dunnry01.jpg,
110,Devin Booker,SG,PG,,,,https://www.basketball-reference.com/req/202106291/images/headshots/bookede01.jpg,
111,Royce O'Neale,SF,,,,,https://www.basketball-reference.com/req/202106291/images/headshots/onealro01.jpg,
112,Monte Morris,PG,,,,,https://www.basketball-reference.com/req/202106291/images/headshots/morrimo01.jpg,
113,Oso Ighodaro,PF,,,,,https://www.basketball-reference.com/req/202106291/images/headshots/ighodos01.jpg,
114,Grayson Allen,SG,,,,,https://www.basketball-reference.com/req/202106291/images/headshots/allengr01.jpg,
115,Kevin Durant,SF,PF,SG,,,https://www.basketball-reference.com/req/202106291/images/headshots/duranke01.jpg,
116,Bradley Beal,SG,,,,,https://www.basketball-reference.com/req/202106291/images/headshots/bealbr01.jpg,
117,Jusuf NurkiÄ,C,,,,,https://www.basketball-reference.com/req/202106291/images/headshots/nurkiju01.jpg,
118,Bol Bol,PF,,,,,https://www.basketball-reference.com/req/202106291/images/headshots/bolbo01.jpg,
119,Damion Lee,SG,,,,,https://www.basketball-reference.com/req/202106291/images/headshots/leeda03.jpg,
120,TyTy Washington Jr.,PG,,,,,https://www.basketball-reference.com/req/202106291/images/headshots/washity02.jpg,
121,Jalen Bridges,SF,,,,,https://www.basketball-reference.com/req/202106291/images/headshots/bridgja01.jpg,
122,Nick Richards,C,PF,,,,https://www.basketball-reference.com/req/202106291/images/headshots/richani01.jpg,
123,Collin Gillespie,PG,,,,,https://www.basketball-reference.com/req/202106291/images/headshots/gilleco01.jpg,
124,Guerschon Yabusele,PF,C,,,,https://www.basketball-reference.com/req/202106291/images/headshots/yabusgu01.jpg,
125,Kelly Oubre Jr.,SF,,,,,https://www.basketball-reference.com/req/202106291/images/headshots/oubreke01.jpg,
126,Tyrese Maxey,PG,SG,,,,https://www.basketball-reference.com/req/202106291/images/headshots/maxeyty01.jpg,
127,Ricky Council IV,SG,SF,,,,https://www.basketball-reference.com/req/202106291/images/headshots/councri01.jpg,
128,Eric Gordon,SG,SF,,,,https://www.basketball-reference.com/req/202106291/images/headshots/gordoer01.jpg,
129,Caleb Martin,SF,,,,,https://www.basketball-reference.com/req/202106291/images/headshots/martica02.jpg,
130,Paul George,SF,PF,SG,,,https://www.basketball-reference.com/req/202106291/images/headshots/georgpa01.jpg,
131,Andre Drummond,C,,,,,https://www.basketball-reference.com/req/202106291/images/headshots/drumman01.jpg,
132,Adem Bona,C,PF,,,,https://www.basketball-reference.com/req/202106291/images/headshots/bonaad01.jpg,
133,Kyle Lowry,PG,,,,,https://www.basketball-reference.com/req/202106291/images/headshots/lowryky01.jpg,
134,KJ Martin,PG,SG,SF,PF,C,https://www.basketball-reference.com/req/202106291/images/headshots/martikj01.jpg,
135,Reggie Jackson,PG,SG,,,,https://www.basketball-reference.com/req/202106291/images/headshots/jacksre01.jpg,
136,Jared McCain,SG,PG,,,,https://www.basketball-reference.com/req/202106291/images/headshots/mccaija01.jpg,
137,Jeff Dowtin,PG,,,,,https://www.basketball-reference.com/req/202106291/images/headshots/dowtije01.jpg,
138,Justin Edwards,SF,,,,,https://www.basketball-reference.com/req/202106291/images/headshots/edwarju01.jpg,
139,Joel Embiid,C,,,,,https://www.basketball-reference.com/req/202106291/images/headshots/embiijo01.jpg,
140,Pete Nance,PF,C,,,,https://www.basketball-reference.com/req/202106291/images/headshots/nancepe01.jpg,
141,Kentavious Caldwell-Pope,SG,,,,,https://www.basketball-reference.com/req/202106291/images/headshots/caldwke01.jpg,0.0
142,Anthony Black,PG,,,,,https://www.basketball-reference.com/req/202106291/images/headshots/blackan01.jpg,1.0
143,Tristan Da Silva,PG,SG,SF,PF,C,https://www.basketball-reference.com/req/202106291/images/headshots/datr01.jpg,2.0
144,Cole Anthony,PG,,,,,https://www.basketball-reference.com/req/202106291/images/headshots/anthoco01.jpg,3.0
145,Jonathan Isaac,PF,,,,,https://www.basketball-reference.com/req/202106291/images/headshots/isaacjo01.jpg,4.0
146,Jett Howard,SF,,,,,https://www.basketball-reference.com/req/202106291/images/headshots/howarje01.jpg,5.0
147,Goga Bitadze,C,,,,,https://www.basketball-reference.com/req/202106291/images/headshots/bitadgo01.jpg,6.0
148,Jalen Suggs,SG,PG,,,,https://www.basketball-reference.com/req/202106291/images/headshots/suggsja01.jpg,7.0
149,Wendell Carter Jr.,C,PF,,,,https://www.basketball-reference.com/req/202106291/images/headshots/cartewe01.jpg,8.0
150,Caleb Houstan,SF,,,,,https://www.basketball-reference.com/req/202106291/images/headshots/houstca01.jpg,9.0
151,Moritz Wagner,C,,,,,https://www.basketball-reference.com/req/202106291/images/headshots/wagnemo01.jpg,10.0
152,Cory Joseph,PG,SG,,,,https://www.basketball-reference.com/req/202106291/images/headshots/josepco01.jpg,11.0
153,Franz Wagner,SF,,,,,https://www.basketball-reference.com/req/202106291/images/headshots/wagnefr01.jpg,12.0
154,Gary Harris,SG,,,,,https://www.basketball-reference.com/req/202106291/images/headshots/harriga01.jpg,13.0
155,Trevelin Queen,SG,,,,,https://www.basketball-reference.com/req/202106291/images/headshots/queentr01.jpg,14.0
156,Paolo Banchero,PF,,,,,https://www.basketball-reference.com/req/202106291/images/headshots/banchpa01.jpg,15.0
157,Mac McClung,SG,PG,,,,https://www.basketball-reference.com/req/202106291/images/headshots/mccluma01.jpg,16.0
158,Aaron Wiggins,SG,,,,,https://www.basketball-reference.com/req/202106291/images/headshots/wiggiaa01.jpg,17.0
159,Shai Gilgeous-Alexander,PG,SG,,,,https://www.basketball-reference.com/req/202106291/images/headshots/gilgesh01.jpg,18.0
160,Jalen Williams,SG,PF,,,,https://www.basketball-reference.com/req/202106291/images/headshots/willija06.jpg,19.0
161,Luguentz Dort,SF,SG,,,,https://www.basketball-reference.com/req/202106291/images/headshots/dortlu01.jpg,20.0
162,Cason Wallace,SG,,,,,https://www.basketball-reference.com/req/202106291/images/headshots/wallaca01.jpg,21.0
163,Isaiah Joe,SG,,,,,https://www.basketball-reference.com/req/202106291/images/headshots/joeis01.jpg,22.0
164,Ajay Mitchell,SG,,,,,https://www.basketball-reference.com/req/202106291/images/headshots/mitchaj01.jpg,23.0
165,Kenrich Williams,PF,SF,,,,https://www.basketball-reference.com/req/202106291/images/headshots/willike04.jpg,24.0
166,Dillon Jones,SF,,,,,https://www.basketball-reference.com/req/202106291/images/headshots/jonesdi01.jpg,25.0
167,Alex Caruso,PG,SG,,,,https://www.basketball-reference.com/req/202106291/images/headshots/carusal01.jpg,26.0
168,Isaiah Hartenstein,C,PF,,,,https://www.basketball-reference.com/req/202106291/images/headshots/harteis01.jpg,27.0
169,Ousmane Dieng,PF,C,,,,https://www.basketball-reference.com/req/202106291/images/headshots/diengou01.jpg,28.0
170,Jaylin Williams,C,PF,,,,https://www.basketball-reference.com/req/202106291/images/headshots/willija07.jpg,29.0
171,Adam Flagler,SG,,,,,https://www.basketball-reference.com/req/202106291/images/headshots/flaglad01.jpg,30.0
172,Branden Carlson,C,,,,,https://www.basketball-reference.com/req/202106291/images/headshots/carlsbr01.jpg,31.0
173,Chet Holmgren,C,PF,,,,https://www.basketball-reference.com/req/202106291/images/headshots/holmgch01.jpg,32.0
174,Alex Ducas,SG,,,,,https://www.basketball-reference.com/req/202106291/images/headshots/ducasal01.jpg,33.0
175,Nikola TopiÄ,PG,SG,SF,PF,C,https://www.basketball-reference.com/req/202106291/images/headshots/topiäni01.jpg,34.0
176,Mikal Bridges,SF,SG,,,,https://www.basketball-reference.com/req/202106291/images/headshots/bridgmi01.jpg,35.0
177,OG Anunoby,SF,PF,,,,https://www.basketball-reference.com/req/202106291/images/headshots/anunoog01.jpg,36.0
178,Jalen Brunson,PG,SG,,,,https://www.basketball-reference.com/req/202106291/images/headshots/brunsja01.jpg,37.0
179,Josh Hart,SF,SG,,,,https://www.basketball-reference.com/req/202106291/images/headshots/hartjo01.jpg,38.0
180,Karl-Anthony Towns,C,PF,,,,https://www.basketball-reference.com/req/202106291/images/headshots/townska01.jpg,39.0
181,Cameron Payne,PG,SG,,,,https://www.basketball-reference.com/req/202106291/images/headshots/payneca01.jpg,40.0
182,Miles McBride,PG,,,,,https://www.basketball-reference.com/req/202106291/images/headshots/mcbrimi01.jpg,41.0
183,Jericho Sims,C,PF,,,,https://www.basketball-reference.com/req/202106291/images/headshots/simsje01.jpg,42.0
184,Tyler Kolek,PG,,,,,https://www.basketball-reference.com/req/202106291/images/headshots/kolekty01.jpg,43.0
185,Precious Achiuwa,C,PF,,,,https://www.basketball-reference.com/req/202106291/images/headshots/achiupr01.jpg,44.0
186,Ariel Hukporti,C,,,,,https://www.basketball-reference.com/req/202106291/images/headshots/hukpoar01.jpg,45.0
187,Landry Shamet,SG,,,,,https://www.basketball-reference.com/req/202106291/images/headshots/shamela01.jpg,46.0
188,Matt Ryan,SF,,,,,https://www.basketball-reference.com/req/202106291/images/headshots/ryanma01.jpg,47.0
189,Pacome Dadiet,SG,,,,,https://www.basketball-reference.com/req/202106291/images/headshots/dadiepa01.jpg,48.0
190,Jacob Toppin,SF,,,,,https://www.basketball-reference.com/req/202106291/images/headshots/toppija01.jpg,49.0
191,Kevin McCullar Jr.,SF,,,,,https://www.basketball-reference.com/req/202106291/images/headshots/mcculke01.jpg,50.0
192,Mitchell Robinson,C,,,,,https://www.basketball-reference.com/req/202106291/images/headshots/robinmi01.jpg,51.0
193,Yves Missi,C,,,,,https://www.basketball-reference.com/req/202106291/images/headshots/missiyv01.jpg,52.0
194,Brandon Boston Jr.,SG,SF,,,,https://www.basketball-reference.com/req/202106291/images/headshots/bostobr01.jpg,53.0
195,Javonte Green,SF,SG,,,,https://www.basketball-reference.com/req/202106291/images/headshots/greenja02.jpg,54.0
196,Jeremiah Robinson-Earl,PF,C,,,,https://www.basketball-reference.com/req/202106291/images/headshots/robinje02.jpg,55.0
197,Daniel Theis,C,,,,,https://www.basketball-reference.com/req/202106291/images/headshots/theisda01.jpg,56.0
198,CJ McCollum,SG,PG,,,,https://www.basketball-reference.com/req/202106291/images/headshots/mccolcj01.jpg,57.0
199,Trey Murphy III,SF,,,,,https://www.basketball-reference.com/req/202106291/images/headshots/murphtr02.jpg,58.0
200,Jordan Hawkins,SG,,,,,https://www.basketball-reference.com/req/202106291/images/headshots/hawkijo01.jpg,59.0
201,Dejounte Murray,PG,SG,,,,https://www.basketball-reference.com/req/202106291/images/headshots/murrade01.jpg,60.0
202,Jose Alvarado,PG,,,,,https://www.basketball-reference.com/req/202106291/images/headshots/alvarjo01.jpg,61.0
203,Herbert Jones,SF,PF,,,,https://www.basketball-reference.com/req/202106291/images/headshots/joneshe01.jpg,62.0
204,Brandon Ingram,SF,PF,,,,https://www.basketball-reference.com/req/202106291/images/headshots/ingrabr01.jpg,63.0
205,Antonio Reeves,SG,,,,,https://www.basketball-reference.com/req/202106291/images/headshots/reevean01.jpg,64.0
206,Jamal Cain,PF,SF,,,,https://www.basketball-reference.com/req/202106291/images/headshots/cainja01.jpg,65.0
207,Zion Williamson,PF,,,,,https://www.basketball-reference.com/req/202106291/images/headshots/willizi01.jpg,66.0
208,Karlo MatkoviÄ,PF,,,,,https://www.basketball-reference.com/req/202106291/images/headshots/matkoka01.jpg,67.0
209,Keion Brooks Jr.,SF,,,,,https://www.basketball-reference.com/req/202106291/images/headshots/brookke02.jpg,68.0
210,Anthony Edwards,SG,,,,,https://www.basketball-reference.com/req/202106291/images/headshots/edwaran01.jpg,69.0
211,Julius Randle,PF,C,,,,https://www.basketball-reference.com/req/202106291/images/headshots/randlju01.jpg,70.0
212,Naz Reid,C,PF,,,,https://www.basketball-reference.com/req/202106291/images/headshots/reidna01.jpg,71.0
213,Jaden McDaniels,PF,SF,,,,https://www.basketball-reference.com/req/202106291/images/headshots/mcdanja02.jpg,72.0
214,Rudy Gobert,C,,,,,https://www.basketball-reference.com/req/202106291/images/headshots/goberru01.jpg,73.0
215,Nickeil Alexander-Walker,SG,,,,,https://www.basketball-reference.com/req/202106291/images/headshots/alexani01.jpg,74.0
216,Donte DiVincenzo,SG,,,,,https://www.basketball-reference.com/req/202106291/images/headshots/divindo01.jpg,75.0
217,Mike Conley,PG,,,,,https://www.basketball-reference.com/req/202106291/images/headshots/conlemi01.jpg,76.0
218,Josh Minott,SF,,,,,https://www.basketball-reference.com/req/202106291/images/headshots/minotjo01.jpg,77.0
219,Rob Dillingham,PG,,,,,https://www.basketball-reference.com/req/202106291/images/headshots/dilliro01.jpg,78.0
220,Luka Garza,C,,,,,https://www.basketball-reference.com/req/202106291/images/headshots/garzalu01.jpg,79.0
221,Terrence Shannon Jr.,SG,,,,,https://www.basketball-reference.com/req/202106291/images/headshots/shannte01.jpg,80.0
222,Joe Ingles,SF,PF,,,,https://www.basketball-reference.com/req/202106291/images/headshots/inglejo01.jpg,81.0
223,Leonard Miller,SF,,,,,https://www.basketball-reference.com/req/202106291/images/headshots/millele01.jpg,82.0
224,Jaylen Clark,SG,,,,,https://www.basketball-reference.com/req/202106291/images/headshots/clarkja02.jpg,83.0
225,Tristen Newton,SG,,,,,https://www.basketball-reference.com/req/202106291/images/headshots/newtotr01.jpg,84.0
226,Jesse Edwards,C,,,,,https://www.basketball-reference.com/req/202106291/images/headshots/edwarje01.jpg,85.0
227,Brook Lopez,C,,,,,https://www.basketball-reference.com/req/202106291/images/headshots/lopezbr01.jpg,86.0
228,Taurean Prince,PF,SF,,,,https://www.basketball-reference.com/req/202106291/images/headshots/princta02.jpg,87.0
229,Bobby Portis,PF,C,,,,https://www.basketball-reference.com/req/202106291/images/headshots/portibo01.jpg,88.0
230,Andre Jackson Jr.,SG,,,,,https://www.basketball-reference.com/req/202106291/images/headshots/jacksan01.jpg,89.0
231,A.J. Green,SG,,,,,https://www.basketball-reference.com/req/202106291/images/headshots/greenaj01.jpg,90.0
232,Gary Trent Jr.,SG,SF,,,,https://www.basketball-reference.com/req/202106291/images/headshots/trentga02.jpg,91.0
233,Giannis Antetokounmpo,PF,SF,PG,SG,,https://www.basketball-reference.com/req/202106291/images/headshots/antetgi01.jpg,92.0
234,Damian Lillard,PG,,,,,https://www.basketball-reference.com/req/202106291/images/headshots/lillada01.jpg,93.0
235,Ryan Rollins,PG,,,,,https://www.basketball-reference.com/req/202106291/images/headshots/rolliry01.jpg,94.0
236,Delon Wright,PG,SG,,,,https://www.basketball-reference.com/req/202106291/images/headshots/wrighde01.jpg,95.0
237,Pat Connaughton,SG,SF,,,,https://www.basketball-reference.com/req/202106291/images/headshots/connapa01.jpg,96.0
238,MarJon Beauchamp,SF,,,,,https://www.basketball-reference.com/req/202106291/images/headshots/beaucma01.jpg,97.0
239,Khris Middleton,SF,SG,,,,https://www.basketball-reference.com/req/202106291/images/headshots/middlkh01.jpg,98.0
240,Stanley Umude,SG,,,,,https://www.basketball-reference.com/req/202106291/images/headshots/umudest01.jpg,99.0
241,Liam Robbins,C,,,,,https://www.basketball-reference.com/req/202106291/images/headshots/robbili01.jpg,100.0
242,Tyler Smith,PG,SG,SF,PF,C,https://www.basketball-reference.com/req/202106291/images/headshots/smithty01.jpg,101.0
243,Chris Livingston,SF,,,,,https://www.basketball-reference.com/req/202106291/images/headshots/livinch01.jpg,102.0
244,AJ Johnson,SG,,,,,https://www.basketball-reference.com/req/202106291/images/headshots/johnsaj01.jpg,103.0
245,Tyler Herro,SG,,,,,https://www.basketball-reference.com/req/202106291/images/headshots/herroty01.jpg,104.0
246,Bam Adebayo,C,PF,,,,https://www.basketball-reference.com/req/202106291/images/headshots/adebaba01.jpg,105.0
247,Duncan Robinson,SF,SG,,,,https://www.basketball-reference.com/req/202106291/images/headshots/robindu01.jpg,106.0
248,Haywood Highsmith,SF,PF,,,,https://www.basketball-reference.com/req/202106291/images/headshots/highsha01.jpg,107.0
249,Terry Rozier,PG,SG,,,,https://www.basketball-reference.com/req/202106291/images/headshots/roziete01.jpg,108.0
250,Jaime Jaquez Jr.,SF,,,,,https://www.basketball-reference.com/req/202106291/images/headshots/jaqueja01.jpg,109.0
251,Nikola JoviÄ,PG,SG,SF,PF,C,https://www.basketball-reference.com/req/202106291/images/headshots/joviäni01.jpg,110.0
252,Kel'el Ware,C,,,,,https://www.basketball-reference.com/req/202106291/images/headshots/wareke01.jpg,111.0
253,Pelle Larsson,SG,,,,,https://www.basketball-reference.com/req/202106291/images/headshots/larsspe01.jpg,112.0
254,Jimmy Butler,SF,SG,PF,,,https://www.basketball-reference.com/req/202106291/images/headshots/butleji01.jpg,113.0
255,Alec Burks,SG,SF,,,,https://www.basketball-reference.com/req/202106291/images/headshots/burksal01.jpg,114.0
256,Kevin Love,PF,C,,,,https://www.basketball-reference.com/req/202106291/images/headshots/loveke01.jpg,115.0
257,Dru Smith,SG,,,,,https://www.basketball-reference.com/req/202106291/images/headshots/smithdr01.jpg,116.0
258,Keshad Johnson,PG,SG,SF,PF,C,https://www.basketball-reference.com/req/202106291/images/headshots/johnske09.jpg,117.0
259,Josh Richardson,SG,SF,,,,https://www.basketball-reference.com/req/202106291/images/headshots/richajo01.jpg,118.0
260,Josh Christopher,SG,,,,,https://www.basketball-reference.com/req/202106291/images/headshots/chrisjo01.jpg,119.0
261,Isaiah Stevens,PG,,,,,https://www.basketball-reference.com/req/202106291/images/headshots/steveis01.jpg,120.0
262,Jaylen Wells,SG,SF,,,,https://www.basketball-reference.com/req/202106291/images/headshots/wellsja01.jpg,121.0
263,Scotty Pippen Jr.,PG,,,,,https://www.basketball-reference.com/req/202106291/images/headshots/pippesc02.jpg,122.0
264,Jaren Jackson Jr.,C,PF,,,,https://www.basketball-reference.com/req/202106291/images/headshots/jacksja02.jpg,123.0
265,Jake LaRavia,PF,,,,,https://www.basketball-reference.com/req/202106291/images/headshots/laravja01.jpg,124.0
266,Brandon Clarke,PF,,,,,https://www.basketball-reference.com/req/202106291/images/headshots/clarkbr01.jpg,125.0
267,Jay Huff,C,,,,,https://www.basketball-reference.com/req/202106291/images/headshots/huffja01.jpg,126.0
268,Santi Aldama,PF,,,,,https://www.basketball-reference.com/req/202106291/images/headshots/aldamsa01.jpg,127.0
269,Desmond Bane,SG,,,,,https://www.basketball-reference.com/req/202106291/images/headshots/banede01.jpg,128.0
270,Luke Kennard,SG,,,,,https://www.basketball-reference.com/req/202106291/images/headshots/kennalu01.jpg,129.0
271,Zach Edey,C,,,,,https://www.basketball-reference.com/req/202106291/images/headshots/edeyza01.jpg,130.0
272,Ja Morant,PG,,,,,https://www.basketball-reference.com/req/202106291/images/headshots/moranja01.jpg,131.0
273,John Konchar,SG,SF,,,,https://www.basketball-reference.com/req/202106291/images/headshots/konchjo01.jpg,132.0
274,Marcus Smart,PG,SG,,,,https://www.basketball-reference.com/req/202106291/images/headshots/smartma01.jpg,133.0
275,Yuki Kawamura,PG,,,,,https://www.basketball-reference.com/req/202106291/images/headshots/kawamyu01.jpg,134.0
276,Cam Spencer,SG,,,,,https://www.basketball-reference.com/req/202106291/images/headshots/spencca01.jpg,135.0
277,Vince Williams Jr.,SG,,,,,https://www.basketball-reference.com/req/202106291/images/headshots/willivi01.jpg,136.0
278,GG Jackson II,PF,,,,,https://www.basketball-reference.com/req/202106291/images/headshots/jacksgg01.jpg,137.0
279,Zyon Pullin,SG,,,,,https://www.basketball-reference.com/req/202106291/images/headshots/pullizy01.jpg,138.0
280,Dalton Knecht,SF,,,,,https://www.basketball-reference.com/req/202106291/images/headshots/knechda01.jpg,139.0
281,Max Christie,SG,,,,,https://www.basketball-reference.com/req/202106291/images/headshots/chrisma02.jpg,140.0
282,Anthony Davis,C,PF,,,,https://www.basketball-reference.com/req/202106291/images/headshots/davisan02.jpg,141.0
283,LeBron James,SF,PF,PG,C,SG,https://www.basketball-reference.com/req/202106291/images/headshots/jamesle01.jpg,142.0
284,Gabe Vincent,PG,,,,,https://www.basketball-reference.com/req/202106291/images/headshots/vincega01.jpg,143.0
285,Austin Reaves,SG,,,,,https://www.basketball-reference.com/req/202106291/images/headshots/reaveau01.jpg,144.0
286,Rui Hachimura,PF,,,,,https://www.basketball-reference.com/req/202106291/images/headshots/hachiru01.jpg,145.0
287,Cam Reddish,SF,,,,,https://www.basketball-reference.com/req/202106291/images/headshots/reddica01.jpg,146.0
288,Christian Koloko,C,,,,,https://www.basketball-reference.com/req/202106291/images/headshots/kolokch01.jpg,147.0
289,Jaxson Hayes,C,,,,,https://www.basketball-reference.com/req/202106291/images/headshots/hayesja02.jpg,148.0
290,Bronny James,PG,SG,SF,PF,C,https://www.basketball-reference.com/req/202106291/images/headshots/jamesbr01.jpg,149.0
291,Dorian Finney-Smith,PF,SF,,,,https://www.basketball-reference.com/req/202106291/images/headshots/finnedo01.jpg,150.0
292,Armel TraorÃ©,PG,SG,SF,PF,C,https://www.basketball-reference.com/req/202106291/images/headshots/traorar01.jpg,151.0
293,Shake Milton,SG,,,,,https://www.basketball-reference.com/req/202106291/images/headshots/miltosh01.jpg,152.0
294,Jalen Hood-Schifino,SG,,,,,https://www.basketball-reference.com/req/202106291/images/headshots/hoodsja01.jpg,153.0
295,Trey Jemison,C,,,,,https://www.basketball-reference.com/req/202106291/images/headshots/jemistr01.jpg,154.0
296,Jarred Vanderbilt,PF,,,,,https://www.basketball-reference.com/req/202106291/images/headshots/vandeja01.jpg,155.0
297,Christian Wood,PF,C,,,,https://www.basketball-reference.com/req/202106291/images/headshots/woodch01.jpg,156.0
298,Amir Coffey,SG,SF,,,,https://www.basketball-reference.com/req/202106291/images/headshots/coffeam01.jpg,157.0
299,Kris Dunn,PG,,,,,https://www.basketball-reference.com/req/202106291/images/headshots/dunnkr01.jpg,158.0
300,Nicolas Batum,SF,PF,SG,,,https://www.basketball-reference.com/req/202106291/images/headshots/batumni01.jpg,159.0
301,Ivica Zubac,C,,,,,https://www.basketball-reference.com/req/202106291/images/headshots/zubaciv01.jpg,160.0
302,Derrick Jones Jr.,SF,PF,,,,https://www.basketball-reference.com/req/202106291/images/headshots/jonesde02.jpg,161.0
303,James Harden,PG,SG,,,,https://www.basketball-reference.com/req/202106291/images/headshots/hardeja01.jpg,162.0
304,Kevin Porter Jr.,SG,PG,SF,,,https://www.basketball-reference.com/req/202106291/images/headshots/porteke02.jpg,163.0
305,Norman Powell,SG,SF,,,,https://www.basketball-reference.com/req/202106291/images/headshots/powelno01.jpg,164.0
306,Terance Mann,SG,SF,,,,https://www.basketball-reference.com/req/202106291/images/headshots/mannte01.jpg,165.0
307,Jordan Miller,SF,,,,,https://www.basketball-reference.com/req/202106291/images/headshots/millejo02.jpg,166.0
308,Mo Bamba,C,,,,,https://www.basketball-reference.com/req/202106291/images/headshots/bambamo01.jpg,167.0
309,Kai Jones,C,,,,,https://www.basketball-reference.com/req/202106291/images/headshots/joneska01.jpg,168.0
310,Bones Hyland,PG,SG,,,,https://www.basketball-reference.com/req/202106291/images/headshots/hylanbo01.jpg,169.0
311,Kobe Brown,PF,,,,,https://www.basketball-reference.com/req/202106291/images/headshots/brownko01.jpg,170.0
312,Kawhi Leonard,SF,,,,,https://www.basketball-reference.com/req/202106291/images/headshots/leonaka01.jpg,171.0
313,Cam Christie,SG,,,,,https://www.basketball-reference.com/req/202106291/images/headshots/chrisca02.jpg,172.0
314,Trentyn Flowers,SF,,,,,https://www.basketball-reference.com/req/202106291/images/headshots/flowetr01.jpg,173.0
315,P.J. Tucker,PF,SF,SG,,,https://www.basketball-reference.com/req/202106291/images/headshots/tuckepj01.jpg,174.0
316,Pascal Siakam,PF,,,,,https://www.basketball-reference.com/req/202106291/images/headshots/siakapa01.jpg,175.0
317,Jarace Walker,PF,,,,,https://www.basketball-reference.com/req/202106291/images/headshots/walkeja02.jpg,176.0
318,Tyrese Haliburton,PG,SG,,,,https://www.basketball-reference.com/req/202106291/images/headshots/halibty01.jpg,177.0
319,Bennedict Mathurin,SF,SG,,,,https://www.basketball-reference.com/req/202106291/images/headshots/mathube01.jpg,178.0
320,T.J. McConnell,PG,,,,,https://www.basketball-reference.com/req/202106291/images/headshots/mccontj01.jpg,179.0
321,Myles Turner,C,,,,,https://www.basketball-reference.com/req/202106291/images/headshots/turnemy01.jpg,180.0
322,Obi Toppin,PF,,,,,https://www.basketball-reference.com/req/202106291/images/headshots/toppiob01.jpg,181.0
323,Ben Sheppard,SG,,,,,https://www.basketball-reference.com/req/202106291/images/headshots/sheppbe01.jpg,182.0
324,Andrew Nembhard,SG,PG,,,,https://www.basketball-reference.com/req/202106291/images/headshots/nembhan01.jpg,183.0
325,Johnny Furphy,SG,,,,,https://www.basketball-reference.com/req/202106291/images/headshots/furphjo01.jpg,184.0
326,Quenton Jackson,PG,,,,,https://www.basketball-reference.com/req/202106291/images/headshots/jacksqu01.jpg,185.0
327,Enrique Freeman,PF,,,,,https://www.basketball-reference.com/req/202106291/images/headshots/freemen01.jpg,186.0
328,Thomas Bryant,C,,,,,https://www.basketball-reference.com/req/202106291/images/headshots/bryanth01.jpg,187.0
329,Aaron Nesmith,SF,,,,,https://www.basketball-reference.com/req/202106291/images/headshots/nesmiaa01.jpg,188.0
330,James Johnson,PF,SF,C,,,https://www.basketball-reference.com/req/202106291/images/headshots/johnsja01.jpg,189.0
331,Isaiah Jackson,C,,,,,https://www.basketball-reference.com/req/202106291/images/headshots/jacksis01.jpg,190.0
332,RayJ Dennis,PG,,,,,https://www.basketball-reference.com/req/202106291/images/headshots/dennira01.jpg,191.0
333,James Wiseman,C,,,,,https://www.basketball-reference.com/req/202106291/images/headshots/wisemja01.jpg,192.0
334,Jalen Green,SG,,,,,https://www.basketball-reference.com/req/202106291/images/headshots/greenja05.jpg,193.0
335,Alperen ÅengÃ¼n,PG,SG,SF,PF,C,https://www.basketball-reference.com/req/202106291/images/headshots/åengãal01.jpg,194.0
336,Fred VanVleet,PG,SG,,,,https://www.basketball-reference.com/req/202106291/images/headshots/vanvlfr01.jpg,195.0
337,Amen Thompson,SF,,,,,https://www.basketball-reference.com/req/202106291/images/headshots/thompam01.jpg,196.0
338,Dillon Brooks,SF,SG,,,,https://www.basketball-reference.com/req/202106291/images/headshots/brookdi01.jpg,197.0
339,Jabari Smith Jr.,PF,,,,,https://www.basketball-reference.com/req/202106291/images/headshots/smithja05.jpg,198.0
340,Reed Sheppard,PG,SG,,,,https://www.basketball-reference.com/req/202106291/images/headshots/sheppre01.jpg,199.0
341,Aaron Holiday,PG,,,,,https://www.basketball-reference.com/req/202106291/images/headshots/holidaa01.jpg,200.0
342,Steven Adams,C,,,,,https://www.basketball-reference.com/req/202106291/images/headshots/adamsst01.jpg,201.0
343,Tari Eason,PF,,,,,https://www.basketball-reference.com/req/202106291/images/headshots/easonta01.jpg,202.0
344,Cam Whitmore,SF,,,,,https://www.basketball-reference.com/req/202106291/images/headshots/whitmca01.jpg,203.0
345,Jae'Sean Tate,SF,PF,,,,https://www.basketball-reference.com/req/202106291/images/headshots/tateja01.jpg,204.0
346,Jock Landale,C,,,,,https://www.basketball-reference.com/req/202106291/images/headshots/landajo01.jpg,205.0
347,Jeff Green,SG,,,,,https://www.basketball-reference.com/req/202106291/images/headshots/greenje01.jpg,206.0
348,Jeenathan Williams,SG,,,,,https://www.basketball-reference.com/req/202106291/images/headshots/willije02.jpg,207.0
349,Jack McVeigh,PF,,,,,https://www.basketball-reference.com/req/202106291/images/headshots/mcveija01.jpg,208.0
350,N'Faly Dante,PG,SG,SF,PF,C,https://www.basketball-reference.com/req/202106291/images/headshots/dantenf01.jpg,209.0
351,Buddy Hield,SG,SF,,,,https://www.basketball-reference.com/req/202106291/images/headshots/hieldbu01.jpg,210.0
352,Trayce Jackson-Davis,PF,C,,,,https://www.basketball-reference.com/req/202106291/images/headshots/jackstr02.jpg,211.0
353,Andrew Wiggins,SF,PF,,,,https://www.basketball-reference.com/req/202106291/images/headshots/wiggian01.jpg,212.0
354,Kevon Looney,C,PF,,,,https://www.basketball-reference.com/req/202106291/images/headshots/looneke01.jpg,213.0
355,Moses Moody,SG,,,,,https://www.basketball-reference.com/req/202106291/images/headshots/moodymo01.jpg,214.0
356,Stephen Curry,PG,,,,,https://www.basketball-reference.com/req/202106291/images/headshots/curryst01.jpg,215.0
357,Lindy Waters III,SG,,,,,https://www.basketball-reference.com/req/202106291/images/headshots/waterli01.jpg,216.0
358,Draymond Green,PF,SF,,,,https://www.basketball-reference.com/req/202106291/images/headshots/greendr01.jpg,217.0
359,Kyle Anderson,SF,PF,,,,https://www.basketball-reference.com/req/202106291/images/headshots/anderky01.jpg,218.0
360,Jonathan Kuminga,PF,SF,,,,https://www.basketball-reference.com/req/202106291/images/headshots/kuminjo01.jpg,219.0
361,Gary Payton II,SG,PG,SF,,,https://www.basketball-reference.com/req/202106291/images/headshots/paytoga02.jpg,220.0
362,Brandin Podziemski,SG,,,,,https://www.basketball-reference.com/req/202106291/images/headshots/podzibr01.jpg,221.0
363,Gui Santos,PF,,,,,https://www.basketball-reference.com/req/202106291/images/headshots/santogu01.jpg,222.0
364,Dennis SchrÃ¶der,PG,SG,SF,PF,C,https://www.basketball-reference.com/req/202106291/images/headshots/schrãde01.jpg,223.0
365,Pat Spencer,PG,,,,,https://www.basketball-reference.com/req/202106291/images/headshots/spencpa01.jpg,224.0
366,Quinten Post,PF,,,,,https://www.basketball-reference.com/req/202106291/images/headshots/postqu01.jpg,225.0
367,Malik Beasley,SG,,,,,https://www.basketball-reference.com/req/202106291/images/headshots/beaslma01.jpg,226.0
368,Ron Holland,SF,,,,,https://www.basketball-reference.com/req/202106291/images/headshots/hollaro01.jpg,227.0
369,Tobias Harris,PF,SF,,,,https://www.basketball-reference.com/req/202106291/images/headshots/harrito02.jpg,228.0
370,Jalen Duren,C,,,,,https://www.basketball-reference.com/req/202106291/images/headshots/durenja01.jpg,229.0
371,Cade Cunningham,PG,SG,,,,https://www.basketball-reference.com/req/202106291/images/headshots/cunnica01.jpg,230.0
372,Tim Hardaway Jr.,SG,SF,,,,https://www.basketball-reference.com/req/202106291/images/headshots/hardati02.jpg,231.0
373,Isaiah Stewart,C,PF,,,,https://www.basketball-reference.com/req/202106291/images/headshots/stewais01.jpg,232.0
374,Simone Fontecchio,SF,,,,,https://www.basketball-reference.com/req/202106291/images/headshots/fontesi01.jpg,233.0
375,Marcus Sasser,PG,,,,,https://www.basketball-reference.com/req/202106291/images/headshots/sassema01.jpg,234.0
376,Jaden Ivey,SG,,,,,https://www.basketball-reference.com/req/202106291/images/headshots/iveyja01.jpg,235.0
377,Paul Reed,C,PF,,,,https://www.basketball-reference.com/req/202106291/images/headshots/reedpa01.jpg,236.0
378,Ausar Thompson,SF,,,,,https://www.basketball-reference.com/req/202106291/images/headshots/thompau01.jpg,237.0
379,Wendell Moore Jr.,SG,,,,,https://www.basketball-reference.com/req/202106291/images/headshots/moorewe01.jpg,238.0
380,Daniss Jenkins,PG,,,,,https://www.basketball-reference.com/req/202106291/images/headshots/jenkida01.jpg,239.0
381,Bobi Klintman,SF,,,,,https://www.basketball-reference.com/req/202106291/images/headshots/klintbo01.jpg,240.0
382,Tolu Smith,SF,,,,,https://www.basketball-reference.com/req/202106291/images/headshots/smithto05.jpg,241.0
383,Ron Harper Jr.,SF,PF,,,,https://www.basketball-reference.com/req/202106291/images/headshots/harpero02.jpg,242.0
384,Michael Porter Jr.,SF,,,,,https://www.basketball-reference.com/req/202106291/images/headshots/portemi01.jpg,243.0
385,Russell Westbrook,PG,,,,,https://www.basketball-reference.com/req/202106291/images/headshots/westbru01.jpg,244.0
386,Julian Strawther,SF,SG,,,,https://www.basketball-reference.com/req/202106291/images/headshots/strawju01.jpg,245.0
387,Peyton Watson,SF,SG,,,,https://www.basketball-reference.com/req/202106291/images/headshots/watsope01.jpg,246.0
388,Christian Braun,SG,,,,,https://www.basketball-reference.com/req/202106291/images/headshots/braunch01.jpg,247.0
389,Nikola JokiÄ,PG,SG,SF,PF,C,https://www.basketball-reference.com/req/202106291/images/headshots/jokiäni01.jpg,248.0
390,Jamal Murray,PG,SG,,,,https://www.basketball-reference.com/req/202106291/images/headshots/murraja01.jpg,249.0
391,Hunter Tyson,PF,,,,,https://www.basketball-reference.com/req/202106291/images/headshots/tysonhu01.jpg,250.0
392,DeAndre Jordan,C,,,,,https://www.basketball-reference.com/req/202106291/images/headshots/jordade01.jpg,251.0
393,Zeke Nnaji,PF,,,,,https://www.basketball-reference.com/req/202106291/images/headshots/nnajize01.jpg,252.0
394,Aaron Gordon,PF,SF,,,,https://www.basketball-reference.com/req/202106291/images/headshots/gordoaa01.jpg,253.0
395,Jalen Pickett,SG,,,,,https://www.basketball-reference.com/req/202106291/images/headshots/pickeja02.jpg,254.0
396,Trey Alexander,SG,,,,,https://www.basketball-reference.com/req/202106291/images/headshots/alexatr01.jpg,255.0
397,Dario Å ariÄ,PG,SG,SF,PF,C,https://www.basketball-reference.com/req/202106291/images/headshots/åda01.jpg,256.0
398,PJ Hall,C,,,,,https://www.basketball-reference.com/req/202106291/images/headshots/hallpj01.jpg,257.0
399,Spencer Jones,SF,,,,,https://www.basketball-reference.com/req/202106291/images/headshots/jonessp01.jpg,258.0
400,Vlatko ÄanÄar,PG,SG,SF,PF,C,https://www.basketball-reference.com/req/202106291/images/headshots/äanäavl01.jpg,259.0
401,DaRon Holmes,PF,,,,,https://www.basketball-reference.com/req/202106291/images/headshots/holmeda01.jpg,260.0
402,Daniel Gafford,C,PF,,,,https://www.basketball-reference.com/req/202106291/images/headshots/gaffoda01.jpg,261.0
403,Spencer Dinwiddie,PG,SG,,,,https://www.basketball-reference.com/req/202106291/images/headshots/dinwisp01.jpg,262.0
404,Quentin Grimes,SG,,,,,https://www.basketball-reference.com/req/202106291/images/headshots/grimequ01.jpg,263.0
405,Klay Thompson,SG,SF,,,,https://www.basketball-reference.com/req/202106291/images/headshots/thompkl01.jpg,264.0
406,P.J. Washington,PF,C,,,,https://www.basketball-reference.com/req/202106291/images/headshots/washipj01.jpg,265.0
407,Kyrie Irving,PG,SG,,,,https://www.basketball-reference.com/req/202106291/images/headshots/irvinky01.jpg,266.0
408,Naji Marshall,SF,,,,,https://www.basketball-reference.com/req/202106291/images/headshots/marshna01.jpg,267.0
409,Jaden Hardy,SG,,,,,https://www.basketball-reference.com/req/202106291/images/headshots/hardyja02.jpg,268.0
410,Olivier-Maxence Prosper,PF,,,,,https://www.basketball-reference.com/req/202106291/images/headshots/prospol01.jpg,269.0
411,Dwight Powell,C,PF,,,,https://www.basketball-reference.com/req/202106291/images/headshots/poweldw01.jpg,270.0
412,Dereck Lively II,C,,,,,https://www.basketball-reference.com/req/202106291/images/headshots/livelde01.jpg,271.0
413,Maxi Kleber,PG,SG,SF,PF,C,https://www.basketball-reference.com/req/202106291/images/headshots/klebema01.jpg,272.0
414,Luka DonÄiÄ,PG,SG,SF,PF,C,https://www.basketball-reference.com/req/202106291/images/headshots/donäilu01.jpg,273.0
415,Jazian Gortman,PG,,,,,https://www.basketball-reference.com/req/202106291/images/headshots/gortmja01.jpg,274.0
416,Kessler Edwards,SF,,,,,https://www.basketball-reference.com/req/202106291/images/headshots/edwarke02.jpg,275.0
417,Brandon Williams,SG,SF,,,,https://www.basketball-reference.com/req/202106291/images/headshots/willibr01.jpg,276.0
418,Markieff Morris,PF,,,,,https://www.basketball-reference.com/req/202106291/images/headshots/morrima02.jpg,277.0
419,Dante Exum,PG,SG,,,,https://www.basketball-reference.com/req/202106291/images/headshots/exumda01.jpg,278.0
420,Jarrett Allen,C,,,,,https://www.basketball-reference.com/req/202106291/images/headshots/allenja01.jpg,279.0
421,Georges Niang,PF,,,,,https://www.basketball-reference.com/req/202106291/images/headshots/niangge01.jpg,280.0
422,Darius Garland,PG,SG,,,,https://www.basketball-reference.com/req/202106291/images/headshots/garlada01.jpg,281.0
423,Donovan Mitchell,SG,PG,,,,https://www.basketball-reference.com/req/202106291/images/headshots/mitchdo01.jpg,282.0
424,Ty Jerome,SG,,,,,https://www.basketball-reference.com/req/202106291/images/headshots/jeromty01.jpg,283.0
425,Evan Mobley,PF,,,,,https://www.basketball-reference.com/req/202106291/images/headshots/mobleev01.jpg,284.0
426,Sam Merrill,SG,,,,,https://www.basketball-reference.com/req/202106291/images/headshots/merrisa01.jpg,285.0
427,Caris LeVert,SG,SF,,,,https://www.basketball-reference.com/req/202106291/images/headshots/leverca01.jpg,286.0
428,Dean Wade,PF,,,,,https://www.basketball-reference.com/req/202106291/images/headshots/wadede01.jpg,287.0
429,Isaac Okoro,SF,SG,,,,https://www.basketball-reference.com/req/202106291/images/headshots/okorois01.jpg,288.0
430,Jaylon Tyson,SG,,,,,https://www.basketball-reference.com/req/202106291/images/headshots/tysonja01.jpg,289.0
431,Craig Porter Jr.,PG,,,,,https://www.basketball-reference.com/req/202106291/images/headshots/portecr01.jpg,290.0
432,Tristan Thompson,C,PF,,,,https://www.basketball-reference.com/req/202106291/images/headshots/thomptr01.jpg,291.0
433,Max Strus,SF,,,,,https://www.basketball-reference.com/req/202106291/images/headshots/strusma01.jpg,292.0
434,JT Thor,PF,,,,,https://www.basketball-reference.com/req/202106291/images/headshots/thorjt01.jpg,293.0
435,Luke Travers,SG,,,,,https://www.basketball-reference.com/req/202106291/images/headshots/travelu01.jpg,294.0
436,Emoni Bates,SF,,,,,https://www.basketball-reference.com/req/202106291/images/headshots/batesem01.jpg,295.0
437,Nikola VuÄeviÄ,PG,SG,SF,PF,C,https://www.basketball-reference.com/req/202106291/images/headshots/vuäevni01.jpg,296.0
438,Julian Phillips,SF,,,,,https://www.basketball-reference.com/req/202106291/images/headshots/phillju01.jpg,297.0
439,Matas Buzelis,SF,,,,,https://www.basketball-reference.com/req/202106291/images/headshots/buzelma01.jpg,298.0
440,Dalen Terry,SG,,,,,https://www.basketball-reference.com/req/202106291/images/headshots/terryda01.jpg,299.0
441,Coby White,PG,SG,,,,https://www.basketball-reference.com/req/202106291/images/headshots/whiteco01.jpg,300.0
442,Josh Giddey,SG,PG,PF,SF,,https://www.basketball-reference.com/req/202106291/images/headshots/giddejo01.jpg,301.0
443,Jalen Smith,C,PF,,,,https://www.basketball-reference.com/req/202106291/images/headshots/smithja04.jpg,302.0
444,Zach LaVine,SG,SF,PG,,,https://www.basketball-reference.com/req/202106291/images/headshots/lavinza01.jpg,303.0
445,Talen Horton-Tucker,SG,PG,,,,https://www.basketball-reference.com/req/202106291/images/headshots/hortota01.jpg,304.0
446,Patrick Williams,PF,,,,,https://www.basketball-reference.com/req/202106291/images/headshots/willipa01.jpg,305.0
447,Ayo Dosunmu,SG,,,,,https://www.basketball-reference.com/req/202106291/images/headshots/dosunay01.jpg,306.0
448,Lonzo Ball,PG,,,,,https://www.basketball-reference.com/req/202106291/images/headshots/balllo01.jpg,307.0
449,Jevon Carter,PG,,,,,https://www.basketball-reference.com/req/202106291/images/headshots/carteje01.jpg,308.0
450,Chris Duarte,SF,SG,,,,https://www.basketball-reference.com/req/202106291/images/headshots/duartch01.jpg,309.0
451,Torrey Craig,SF,PF,,,,https://www.basketball-reference.com/req/202106291/images/headshots/craigto01.jpg,310.0
452,E.J. Liddell,PF,,,,,https://www.basketball-reference.com/req/202106291/images/headshots/liddeej01.jpg,311.0
453,Adama Sanogo,PF,C,,,,https://www.basketball-reference.com/req/202106291/images/headshots/sanogad01.jpg,312.0
454,Emanuel Miller,SF,,,,,https://www.basketball-reference.com/req/202106291/images/headshots/milleem01.jpg,313.0
455,Cody Martin,SF,,,,,https://www.basketball-reference.com/req/202106291/images/headshots/martico01.jpg,314.0
456,Josh Green,SG,,,,,https://www.basketball-reference.com/req/202106291/images/headshots/greenjo02.jpg,315.0
457,Seth Curry,SG,PG,,,,https://www.basketball-reference.com/req/202106291/images/headshots/curryse01.jpg,316.0
458,Tidjane SalaÃ¼n,PG,SG,SF,PF,C,https://www.basketball-reference.com/req/202106291/images/headshots/salaãti01.jpg,317.0
459,Moussa DiabatÃ©,C,,,,,https://www.basketball-reference.com/req/202106291/images/headshots/diabamo01.jpg,318.0
460,LaMelo Ball,PG,,,,,https://www.basketball-reference.com/req/202106291/images/headshots/ballla01.jpg,319.0
461,Vasilije MiciÄ,PG,SG,SF,PF,C,https://www.basketball-reference.com/req/202106291/images/headshots/miciäva01.jpg,320.0
462,Brandon Miller,SF,,,,,https://www.basketball-reference.com/req/202106291/images/headshots/millebr02.jpg,321.0
463,Miles Bridges,SF,PF,,,,https://www.basketball-reference.com/req/202106291/images/headshots/bridgmi02.jpg,322.0
464,Nick Smith Jr.,SG,,,,,https://www.basketball-reference.com/req/202106291/images/headshots/smithni01.jpg,323.0
465,Mark Williams,C,,,,,https://www.basketball-reference.com/req/202106291/images/headshots/willima07.jpg,324.0
466,Grant Williams,PF,,,,,https://www.basketball-reference.com/req/202106291/images/headshots/willigr01.jpg,325.0
467,Taj Gibson,PF,C,,,,https://www.basketball-reference.com/req/202106291/images/headshots/gibsota01.jpg,326.0
468,Tre Mann,PG,,,,,https://www.basketball-reference.com/req/202106291/images/headshots/manntr01.jpg,327.0
469,KJ Simpson,PG,,,,,https://www.basketball-reference.com/req/202106291/images/headshots/simpskj01.jpg,328.0
470,Isaiah Wong,SG,,,,,https://www.basketball-reference.com/req/202106291/images/headshots/wongis01.jpg,329.0
471,DaQuan Jeffries,SG,,,,,https://www.basketball-reference.com/req/202106291/images/headshots/jeffrda01.jpg,330.0
472,Josh Okogie,SG,,,,,https://www.basketball-reference.com/req/202106291/images/headshots/okogijo01.jpg,331.0
473,Jalen Wilson,PF,,,,,https://www.basketball-reference.com/req/202106291/images/headshots/wilsoja03.jpg,332.0
474,Keon Johnson,PG,SG,SF,PF,C,https://www.basketball-reference.com/req/202106291/images/headshots/johnske02.jpg,333.0
475,Nic Claxton,C,,,,,https://www.basketball-reference.com/req/202106291/images/headshots/claxtni01.jpg,334.0
476,Cameron Johnson,PF,,,,,https://www.basketball-reference.com/req/202106291/images/headshots/johnsca02.jpg,335.0
477,Noah Clowney,PF,,,,,https://www.basketball-reference.com/req/202106291/images/headshots/clownno01.jpg,336.0
478,Ziaire Williams,SF,,,,,https://www.basketball-reference.com/req/202106291/images/headshots/willizi02.jpg,337.0
479,Ben Simmons,PG,,,,,https://www.basketball-reference.com/req/202106291/images/headshots/simmobe01.jpg,338.0
480,Tyrese Martin,SG,,,,,https://www.basketball-reference.com/req/202106291/images/headshots/martity01.jpg,339.0
481,Day'Ron Sharpe,C,PF,,,,https://www.basketball-reference.com/req/202106291/images/headshots/sharpda01.jpg,340.0
482,Cam Thomas,SG,,,,,https://www.basketball-reference.com/req/202106291/images/headshots/thomaca02.jpg,341.0
483,Reece Beekman,PG,,,,,https://www.basketball-reference.com/req/202106291/images/headshots/beekmre01.jpg,342.0
484,Trendon Watford,PF,SF,,,,https://www.basketball-reference.com/req/202106291/images/headshots/watfotr01.jpg,343.0
485,Tosan Evbuomwan,SF,,,,,https://www.basketball-reference.com/req/202106291/images/headshots/evbuoto01.jpg,344.0
486,Dariq Whitehead,SF,,,,,https://www.basketball-reference.com/req/202106291/images/headshots/whiteda01.jpg,345.0
487,D'Angelo Russell,PG,,,,,https://www.basketball-reference.com/req/202106291/images/headshots/russeda01.jpg,346.0
488,Maxwell Lewis,SF,,,,,https://www.basketball-reference.com/req/202106291/images/headshots/lewisma05.jpg,347.0
489,De'Anthony Melton,PG,SG,,,,https://www.basketball-reference.com/req/202106291/images/headshots/meltode01.jpg,348.0
490,Bojan BogdanoviÄ,SF,PF,,,,https://www.basketball-reference.com/req/202106291/images/headshots/bogdabo02.jpg,349.0
491,Payton Pritchard,PG,SG,,,,https://www.basketball-reference.com/req/202106291/images/headshots/pritcpa01.jpg,350.0
492,Derrick White,SG,PG,,,,https://www.basketball-reference.com/req/202106291/images/headshots/whitede01.jpg,351.0
493,Jayson Tatum,SF,PF,,,,https://www.basketball-reference.com/req/202106291/images/headshots/tatumja01.jpg,352.0
494,Luke Kornet,C,,,,,https://www.basketball-reference.com/req/202106291/images/headshots/kornelu01.jpg,353.0
495,Jaylen Brown,SF,SG,,,,https://www.basketball-reference.com/req/202106291/images/headshots/brownja02.jpg,354.0
496,Jrue Holiday,PG,SG,,,,https://www.basketball-reference.com/req/202106291/images/headshots/holidjr01.jpg,355.0
497,Sam Hauser,SF,PF,,,,https://www.basketball-reference.com/req/202106291/images/headshots/hausesa01.jpg,356.0
498,Neemias Queta,C,,,,,https://www.basketball-reference.com/req/202106291/images/headshots/quetane01.jpg,357.0
499,Al Horford,C,,,,,https://www.basketball-reference.com/req/202106291/images/headshots/horfoal01.jpg,358.0
500,Jordan Walsh,SF,PF,,,,https://www.basketball-reference.com/req/202106291/images/headshots/walshjo01.jpg,359.0
501,Xavier Tillman Sr.,C,PF,,,,https://www.basketball-reference.com/req/202106291/images/headshots/tillmxa01.jpg,360.0
502,Jaden Springer,SG,,,,,https://www.basketball-reference.com/req/202106291/images/headshots/sprinja01.jpg,361.0
503,Kristaps PorziÅÄ£is,C,PF,,,,https://www.basketball-reference.com/req/202106291/images/headshots/porzikr01.jpg,362.0
504,Drew Peterson,PF,,,,,https://www.basketball-reference.com/req/202106291/images/headshots/peterdr01.jpg,363.0
505,Baylor Scheierman,SG,,,,,https://www.basketball-reference.com/req/202106291/images/headshots/scheiba01.jpg,364.0
506,JD Davison,SG,PG,,,,https://www.basketball-reference.com/req/202106291/images/headshots/davisjd01.jpg,365.0
507,Anton Watson,SF,,,,,https://www.basketball-reference.com/req/202106291/images/headshots/watsoan02.jpg,366.0
508,Clint Capela,PG,SG,SF,PF,C,https://www.basketball-reference.com/req/202106291/images/headshots/capelcl01.jpg,367.0
509,Trae Young,PG,,,,,https://www.basketball-reference.com/req/202106291/images/headshots/youngtr01.jpg,368.0
510,Dyson Daniels,PG,SG,,,,https://www.basketball-reference.com/req/202106291/images/headshots/daniedy01.jpg,369.0
511,Zaccharie Risacher,SF,,,,,https://www.basketball-reference.com/req/202106291/images/headshots/risacza01.jpg,370.0
512,Onyeka Okongwu,C,,,,,https://www.basketball-reference.com/req/202106291/images/headshots/okongon01.jpg,371.0
513,Jalen Johnson,SF,PF,,,,https://www.basketball-reference.com/req/202106291/images/headshots/johnsja05.jpg,372.0
514,Garrison Mathews,SG,,,,,https://www.basketball-reference.com/req/202106291/images/headshots/mathega01.jpg,373.0
515,De'Andre Hunter,SF,,,,,https://www.basketball-reference.com/req/202106291/images/headshots/huntede01.jpg,374.0
516,Vit Krejci,PG,SG,,,,https://www.basketball-reference.com/req/202106291/images/headshots/krejcvi01.jpg,375.0
517,David Roddy,PF,,,,,https://www.basketball-reference.com/req/202106291/images/headshots/roddyda01.jpg,376.0
518,Bogdan BogdanoviÄ,SG,,,,,https://www.basketball-reference.com/req/202106291/images/headshots/bogdabo01.jpg,377.0
519,Keaton Wallace,PG,,,,,https://www.basketball-reference.com/req/202106291/images/headshots/wallake01.jpg,378.0
520,Larry Nance Jr.,PF,C,,,,https://www.basketball-reference.com/req/202106291/images/headshots/nancela02.jpg,379.0
521,Kobe Bufkin,SG,,,,,https://www.basketball-reference.com/req/202106291/images/headshots/bufkiko01.jpg,380.0
522,Dominick Barlow,PF,SF,,,,https://www.basketball-reference.com/req/202106291/images/headshots/barlodo01.jpg,381.0
523,Mouhamed Gueye,PF,,,,,https://www.basketball-reference.com/req/202106291/images/headshots/gueyemo02.jpg,382.0
524,Daeqwon Plowden,SG,,,,,https://www.basketball-reference.com/req/202106291/images/headshots/plowdda01.jpg,383.0
525,Cody Zeller,C,,,,,https://www.basketball-reference.com/req/202106291/images/headshots/zelleco01.jpg,384.0
