full_name,fantasy_positions,team
Tyler Lydon,"['PF', 'SF']",
Dionte Christmas,"['PG', 'SG']",
Cameron Johnson,"['PF', 'SF']",BKN
Gabe Brown,"['PF', 'SF']",
Greg Whittington,"['PF', 'SF']",
Carsen Edwards,"['PG', 'SG']",
Avery Bradley,"['SF', 'SG']",
Sean East,"['PG', 'SG']",
C.J. Watson,"['PG', 'SG']",
Gary Trent,"['SF', 'SG']",MIL
Moussa Diabaté,"['C', 'PF']",CHA
Svi Mykhailiuk,"['PF', 'SF', 'SG']",UTA
Michael Gbinije,"['PG', 'SG']",
Nikola Peković,['C'],
Admiral Schofield,"['PF', 'SF']",
Willie Reed,['C'],
MarJon Beauchamp,['PF'],NYK
Isaiah Joe,"['PG', 'SF', 'SG']",OKC
Kristaps Porziņģis,"['C', 'PF']",BOS
Tim Frazier,['PG'],
Isaiah Briscoe,"['PG', 'SG']",
Mitch Creek,"['PF', 'SF']",
Jaylen Brown,"['SF', 'SG']",BOS
Gerald Henderson,"['PG', 'SG']",
Alan Williams,"['PF', 'SF']",
Josh McRoberts,"['C', 'PF']",
,['DEF'],BKN
Tyler Cavanaugh,"['PF', 'SF']",
Aaron Henry,['SF'],
Frank Kaminsky,['C'],
Emanuel Miller,"['PF', 'SF']",CHI
Eric Mika,"['PF', 'SF']",
Malik Beasley,"['SF', 'SG']",DET
Duane Washington,"['PG', 'SF', 'SG']",
James Anderson,"['SF', 'SG']",
Aaron Holiday,['PG'],HOU
Javon Freeman-Liberty,"['PG', 'SG']",
Mario Hezonja,"['PF', 'SF']",
Kris Humphries,"['PF', 'SF']",
Brandon Goodwin,['PG'],
Alex Len,['C'],LAL
Ekpe Udoh,"['C', 'PF']",
Kevin Garnett,"['C', 'PF']",
Jordan Bone,"['PG', 'SG']",
Adreian Payne,"['PF', 'SF']",
Alex Ducas,"['PF', 'SF']",OKC
CJ Elleby,"['PF', 'SF', 'SG']",
Greg Smith,"['PF', 'SF']",
Taevion Kinsey,"['PG', 'SG']",
Sean Kilpatrick,"['PG', 'SG']",
Paul Millsap,"['C', 'PF']",
Izaiah Brockington,"['PG', 'SG']",
Baylor Scheierman,"['PF', 'SF']",BOS
Ron Holland DUPLICATE,,
Jazian Gortman,"['PG', 'SG']",
CJ McCollum,"['PG', 'SG']",NOP
Ray Spalding,"['PF', 'SF']",
Bruno Caboclo,"['PF', 'SF']",
Marcus Derrickson,"['PF', 'SF']",
Kelly Olynyk,"['C', 'PF']",NOP
Nigel Hayes,"['PF', 'SF']",
Isaac Jones,"['C', 'PF']",SAC
Jamal Cain,"['SF', 'SG']",NOP
Antonio Reeves,"['PG', 'SF', 'SG']",NOP
De'Aaron Fox,['PG'],SAS
Sam Dekker,"['PF', 'SF']",
Tristen Newton,['PG'],MIN
Jae'Sean Tate,"['PF', 'SF']",HOU
P.J. Hairston,"['PG', 'SF', 'SG']",
Bernard James,['C'],
Georgios Kalaitzakis,"['PF', 'SF']",
Mike Dunleavy,"['PG', 'SF', 'SG']",
Michael Kidd-Gilchrist,"['PF', 'SF']",
Tre Mann,"['PG', 'SG']",CHA
Michael Beasley,"['PF', 'SF']",
Anthony Duruji,"['PF', 'SF']",
Nate Robinson,"['PG', 'SG']",
GG Jackson,"['PF', 'SF']",MEM
Terry Rozier,['PG'],MIA
Toney Douglas,"['PG', 'SG']",
Charlie Brown,['SF'],
Javonte Smart,"['PG', 'SG']",
Jake Layman,"['PF', 'SF']",
Coty Clarke,"['PF', 'SF']",
Jerryd Bayless,"['PG', 'SG']",
Cade Cunningham,"['PG', 'SG']",DET
Cristiano Felício,"['C', 'PF']",
Devonte Patterson,"['PF', 'SF']",
Devonte' Graham,['PG'],
Tyler Bey,"['PF', 'SF']",
Max Abmas,"['PG', 'SG']",
Kellan Grady,"['PG', 'SG']",
Andrew Funk,"['PG', 'SG']",
Phil Pressey,"['PG', 'SG']",
Boban Marjanović,['C'],
Alex O'Connell,"['PG', 'SG']",
Chris Bosh,"['PF', 'SF']",
Jacob Wiley,"['PF', 'SF']",
Trey Jemison,['C'],LAL
Jonathan Gibson,"['PG', 'SG']",
Norman Powell,"['SF', 'SG']",LAC
Ulrich Chomche,['C'],TOR
Anthony Tarke,"['PG', 'SG']",
DeMarcus Cousins,['C'],
Will Barton,"['SF', 'SG']",
DeMarre Carroll,"['PF', 'SF']",
Dennis Smith,"['PG', 'SG']",
Jermaine Samuels,"['PF', 'SF']",
Lamar Stevens,"['PF', 'SF']",MEM
Isaiah Livers,"['SF', 'SG']",
Melvin Ajinça,"['PF', 'SF']",
Jordan Walsh,"['SF', 'SG']",BOS
Khem Birch,['C'],
Tariq Owens,"['PF', 'SF']",
Ronnie Brewer,"['PF', 'SF']",
Ethan Thompson,"['PG', 'SG']",ORL
Braxton Key,"['PF', 'SF']",GSW
D.J. Stewart,"['PG', 'SG']",
Jerome Robinson,"['PG', 'SG']",
Vít Krejčí,"['PF', 'SF', 'SG']",ATL
RayJ Dennis,['PG'],IND
Dion Waiters,"['PG', 'SG']",
Kenrich Williams,"['C', 'PF']",OKC
Jett Howard,"['SF', 'SG']",ORL
Cormac Ryan,"['PG', 'SG']",
Jordan Mickey,"['C', 'PF']",
Taran Armstrong,"['PG', 'SG']",GSW
Juhann Begarin,"['PG', 'SG']",
Keljin Blevins,"['PF', 'PG', 'SF', 'SG']",
Marreese Speights,"['C', 'PF']",
Carmelo Anthony,"['C', 'PF', 'SF']",
Franz Wagner,"['PF', 'SF', 'SG']",ORL
Othyus Jeffers,"['PG', 'SF', 'SG']",
Filip Petrušev,['C'],
Reggie Evans,"['C', 'PF']",
Bilal Coulibaly,"['PF', 'SF']",WAS
Enes Freedom,['C'],
Shake Milton,"['PG', 'SF', 'SG']",LAL
Jorge Gutiérrez,"['PG', 'SG']",
Tevin Brown,"['PG', 'SG']",
Armel Traore,"['PF', 'SF']",
Chris Smith,"['PG', 'SG']",
Stephen Zimmerman,['C'],
Au'Diese Toney,"['PG', 'SG']",
Jeff Withey,['C'],
Lonnie Walker,"['SF', 'SG']",PHI
Paul Eboua,"['PF', 'SF']",
Brice Sensabaugh,"['PF', 'SF']",UTA
Justin Bibbs,"['PG', 'SG']",
Stephen Jackson,"['PF', 'SF', 'SG']",
Shavlik Randolph,"['PF', 'SF']",
Brook Lopez,['C'],MIL
Bobby Portis,"['C', 'PF']",MIL
Anthony WBlack,['SG'],
Mangok Mathiang,"['C', 'PF']",
B.J. Johnson,"['PF', 'SF']",
Brandon Rush,['SG'],
Rob Dillingham,"['PG', 'SG']",MIN
Matt Morgan,"['PG', 'SG']",
Joe Chealey,"['PG', 'SG']",
Pablo Prigioni,"['PG', 'SG']",
Javante McCoy,"['PG', 'SG']",
Zach Edey,['C'],MEM
Matteo Spagnolo,"['PG', 'SG']",
Luol Deng,"['PF', 'SF']",
Willy Hernangómez,['C'],
Dalen Terry,"['SF', 'SG']",CHI
Josh Christopher,"['PG', 'SF', 'SG']",MIA
Landry Shamet,"['SF', 'SG']",NYK
Allen Crabbe,"['SF', 'SG']",
Craig Sword,"['PG', 'SG']",
Armando Bacot,"['C', 'PF']",
Rudy Gay,"['C', 'PF']",
Marc Gasol,['C'],
Reggie Williams,"['SF', 'SG']",
Donte DiVincenzo,"['PG', 'SF', 'SG']",MIN
Alex Morales,"['PG', 'SG']",
Devyn Marble,"['SF', 'SG']",
Joey Hauser,"['PF', 'SF']",
E.J. Liddell,['C'],CHI
Ike Anigbogu,['C'],
J.J. Barea,"['PG', 'SG']",
Marvin Williams,"['PF', 'SF']",
Vítor Faverani,['C'],
Wes Iwundu,"['PF', 'SF']",
Kyle Alexander,"['C', 'PF']",
Luigi Datome,"['PF', 'SF']",
Tristan Thompson,['C'],CLE
Robert Woodard,"['PF', 'SF', 'SG']",
Buddy Hield,"['SF', 'SG']",GSW
Josh Hall,"['PF', 'SF']",
Josh Smith,"['PF', 'SF']",
Neal Sako,['C'],
Aaron Brooks,"['PG', 'SG']",
Eric Griffin,"['PF', 'SF']",
Frank Jackson,"['PG', 'SG']",
Colin Castleton,"['PF', 'SF']",TOR
Paul Pierce,"['PF', 'SF']",
Moses Brown,['C'],
Mamadi Diakite,['C'],
Ben Simmons,['PG'],LAC
Jakob Poeltl,['C'],TOR
Kevin Huerter,"['SF', 'SG']",CHI
Wayne Ellington,"['PG', 'SF', 'SG']",
Ryan Rollins,"['PG', 'SG']",MIL
Sam Merrill,"['SF', 'SG']",CLE
L.J. Figueroa,['SF'],
Josh Harrellson,"['C', 'PF']",
Sandro Mamukelashvili,"['C', 'PF']",SAS
Matas Buzelis,"['PF', 'SF']",CHI
Jaden McDaniels,"['PF', 'SF']",MIN
Isaiah Roby,"['C', 'PF']",
Tomáš Satoranský,"['PG', 'SG']",
Andris Biedriņš,['C'],
Brandon Bass,"['PF', 'SF']",
Chris Livingston,"['PF', 'SF']",MIL
D.J. Augustin,"['PG', 'SG']",
Lavoy Allen,"['C', 'PF']",
Josh Huestis,"['PF', 'SF']",
Jarrett Culver,"['PG', 'SF', 'SG']",
Jameer Nelson,"['PG', 'SG']",
Gabriel Lundberg,"['SF', 'SG']",
Ante Žižić,['C'],
Udonis Haslem,['PF'],
Matt Thomas,"['SF', 'SG']",
Jaylin Williams,['C'],OKC
Keisei Tominaga,"['PG', 'SG']",
James Young,"['SF', 'SG']",
Chris Silva,"['C', 'PF']",
Gabriele Procida,"['PG', 'SG']",
Blake Wesley,"['PG', 'SG']",SAS
DeMar DeRozan,"['PF', 'SF', 'SG']",SAC
Greg Monroe,"['C', 'PF']",
Brandin Podziemski,"['PG', 'SG']",GSW
Mario Chalmers,"['PG', 'SG']",
Glenn Robinson,"['PF', 'SF']",
Tyler Smith,"['C', 'PF']",MIL
Jack Cooley,"['C', 'PF']",
Marshall Plumlee,['C'],
Richard Jefferson,"['PF', 'SF']",
Sergio Rodríguez,"['PG', 'SG']",
Dean Wade,"['PF', 'SF']",CLE
Chinanu Onuaku,['C'],
Isaiah Canaan,"['PG', 'SG']",
Joe Wieskamp,"['SF', 'SG']",
Jared Terrell,"['PG', 'SG']",
Brandon Sampson,"['PG', 'SG']",
Miles Plumlee,['C'],
Reid Travis,"['PF', 'SF']",
Brandon Knight,"['PG', 'SG']",
Tari Eason,"['PF', 'SF']",HOU
Balsa Koprivica,['C'],
Luca Vildoza,"['PG', 'SG']",
Harry Giles,"['C', 'PF']",
Jeff Taylor,['SF'],
Dexter Dennis,"['PG', 'SG']",
KZ Okpala,"['C', 'PF']",
Alonzo Gee,"['PF', 'SF']",
Jahmi'us Ramsey,"['PG', 'SF', 'SG']",
Lorenzo Brown,"['PG', 'SG']",
Jaylen Hoard,"['PF', 'SF']",
Jaime Jaquez,"['SF', 'SG']",MIA
Patrick Beverley,"['PG', 'SG']",
Cody Williams,"['SF', 'SG']",UTA
Rasual Butler,"['PF', 'SF', 'SG']",
Jemerrio Jones,"['PF', 'SF']",
Russell Westbrook,['PG'],DEN
Sean McDermott,"['PF', 'SF']",
Tristan Vukcevic,['C'],WAS
Obi Toppin,"['PF', 'SF']",IND
Jericho Sims,['C'],MIL
Troy Caupain,"['PG', 'SG']",
Jae Crowder,['PF'],SAC
Shawne Williams,"['PF', 'SF']",
Nick Ongenda,['C'],
Hollis Thompson,"['SF', 'SG']",
Scotty Hopson,"['PF', 'SF', 'SG']",
Greg Brown,"['PF', 'SF']",
Donovan Williams,"['PG', 'SG']",
Jarrett Jack,"['PG', 'SG']",
Nick Johnson,"['PG', 'SG']",
Quinn Cook,"['PG', 'SG']",
Zeke Nnaji,"['C', 'PF']",DEN
Justin Holiday,"['SF', 'SG']",
Vincent Valerio-Bodon,"['PF', 'SF']",
Zavier Simpson,"['PG', 'SG']",
Cliff Alexander,"['PF', 'SF']",
Jamal Murray,"['PG', 'SG']",DEN
Cameron Payne,"['PG', 'SG']",NYK
Chase-DUP Audiege-DUP,"['PG', 'SG']",
Deng Adel,"['PF', 'SF']",
Devin Vassell,"['SF', 'SG']",SAS
Dewayne Dedmon,['C'],
Mychal Mulder,"['SF', 'SG']",
Hamidou Diallo,"['SF', 'SG']",
Thaddeus Young,"['C', 'PF', 'SF']",
Kalin Lucas,"['PG', 'SG']",
Simone Fontecchio,"['PF', 'SF']",DET
Matt Coleman,"['PG', 'SG']",
Cam Thomas,"['PG', 'SF', 'SG']",BKN
Tristan da Silva,"['PF', 'SF']",ORL
Tayshaun Prince,"['PF', 'SF']",
Landry Fields,"['PG', 'SF', 'SG']",
Bam Adebayo,"['C', 'PF']",MIA
Ayo Dosunmu,"['PG', 'SF', 'SG']",CHI
Damyean Dotson,"['PG', 'SG']",
Tyler Cook,"['C', 'PF']",
Isaiah Wong,"['PG', 'SG']",
Sharife Cooper,['PG'],
Tyrone Wallace,['SG'],
Josh Childress,"['PF', 'SF', 'SG']",
Nate Roberts,['C'],
Jerrelle Benimon,"['PF', 'SF']",
Jaylen Adams,"['PG', 'SG']",
Greg Oden,['C'],
Jared McCain,"['PG', 'SG']",PHI
Alan Anderson,"['PF', 'SF', 'SG']",
Keshad Johnson,"['C', 'PF']",MIA
Bub Carrington,"['PG', 'SG']",WAS
Samson Froling,['C'],
Patty Mills,"['PG', 'SG']",LAC
Keenan Evans,"['PG', 'SG']",
Scoot Henderson,['PG'],POR
Nemanja Dangubic,"['PG', 'SG']",
Moritz Wagner,"['C', 'PF']",ORL
Jarkel Joiner,"['PG', 'SG']",
Justin Edwards,"['PF', 'SF']",PHI
M.J. Walker,"['PG', 'SG']",
Brian Bowen,['SG'],
Josh Oduro,"['PF', 'SF']",
Luka Dončić,['PG'],LAL
Justin Champagnie,['PF'],WAS
Jarnell Stokes,"['PF', 'SF']",
Omari Moore,"['PG', 'SG']",
Shane Edwards,"['PF', 'SF']",
Hedo Türkoğlu,"['PF', 'SF']",
Lindell Wigginton,"['PG', 'SF', 'SG']",
Ade Murkey,"['PG', 'SG']",
Emanuel Terry,['C'],
Malevy Leons,"['PF', 'SF']",
Chimezie Metu,['PF'],
Chris Paul,['PG'],SAS
Anthony Davis,"['C', 'PF']",DAL
Rudy Gobert,['C'],MIN
Kirk Hinrich,"['PG', 'SG']",
Gabriel Deck,"['PF', 'SF']",
Andrew White,"['SF', 'SG']",
Nate Wolters,"['PG', 'SG']",
Juancho Hernangómez,['PF'],
Joël Ayayi,['PG'],
Damian Jones,['C'],
Trey Murphy,"['PF', 'SF', 'SG']",NOP
Aaron Nesmith,"['SF', 'SG']",IND
Royce White,"['PF', 'SF']",
Marvin Bagley,['C'],MEM
Tyrese Martin,"['PG', 'SF', 'SG']",BKN
Ray McCallum,"['PG', 'SG']",
Ty-Shon Alexander,"['PG', 'SG']",
Kelan Martin,"['PF', 'SF']",
Malaki Branham,"['PG', 'SF', 'SG']",SAS
Allonzo Trier,"['PG', 'SG']",
Nick Calathes,"['PG', 'SG']",
Ariel Hukporti,['C'],NYK
Rawle Alkins,"['PG', 'SG']",
John Butler,"['PF', 'SF']",
Duplicate Player,,
Kostas Antetokounmpo,"['PF', 'SF']",
Jarrett Allen,['C'],CLE
Aleksej Pokuševski,"['C', 'PF']",
Jaylen Sims,"['PG', 'SG']",
Danté Exum,"['PG', 'SF', 'SG']",DAL
Adam Mokoka,"['PG', 'SG']",
Christian Koloko,['C'],LAL
Roman Sorkin,"['PF', 'SF']",
Roger Mason,"['PG', 'SG']",
Hamady Ndiaye,['C'],
Petr Cornelie,['C'],
Charles Bediako,['C'],
Gabe Kalscheur,"['PG', 'SG']",
Antonio Blakeney,"['PG', 'SG']",
Jules Bernard,"['PG', 'SG']",
Casper Ware,"['PG', 'SG']",
Luke Avdalovic,"['PG', 'SG']",
Max Christie,"['SF', 'SG']",DAL
Tiago Splitter,"['C', 'PF']",
Darius Johnson-Odom,"['PG', 'SG']",
Jaden Springer,['PG'],UTA
Tobias Harris,['PF'],DET
Joshua Primo,"['SF', 'SG']",
Andre Ingram,"['PG', 'SG']",
Joe Johnson,"['PF', 'SF']",
Makur Maker,['C'],
Domantas Sabonis,['C'],SAC
De'Andre Hunter,"['PF', 'SF']",CLE
Malcolm Delaney,"['PG', 'SG']",
Stanley Umude,"['PG', 'SG']",MIL
Pedro Bradshaw,"['PF', 'SF']",
JaKarr Sampson,"['PF', 'SF']",
Kenyon Martin,"['PF', 'SF']",
Jabari Parker,"['C', 'PF']",
Justin Tillman,"['PF', 'SF']",
Xavier Moon,"['PG', 'SG']",
Omari Spellman,"['PF', 'SF']",
Miroslav Raduljica,['C'],
Tyler Ulis,"['PG', 'SG']",
KJ McDaniels,"['PF', 'SF']",
Tidjane Salaün,"['C', 'PF']",CHA
Jayson Tatum,"['PF', 'SF']",BOS
Brandon Boston,"['SF', 'SG']",NOP
Paul Watson,"['PF', 'SF', 'SG']",
Keita Bates-Diop,"['PF', 'SF']",
Kessler Edwards,"['C', 'PF']",DAL
Bogdan Bogdanović,"['SF', 'SG']",LAC
Jamaal Tinsley,"['PG', 'SG']",
Bryce Hamilton,"['PG', 'SG']",
DJ Burns,"['PF', 'SF']",
Jaron Blossomgame,"['PF', 'SF']",
Darren Collison,"['PG', 'SG']",
Chris Clemons,"['PG', 'SG']",
Malik Williams,['C'],
Jahlil Tripp,"['PF', 'SF']",
Jordan Schakel,"['PF', 'SF']",
Corey Brewer,"['PG', 'SF', 'SG']",
George Hill,"['PG', 'SG']",
Jalen Johnson,['PF'],ATL
Leandro Barbosa,"['PG', 'SG']",
Justin James,"['PF', 'SF']",
Jesse Edwards,['C'],MIN
Anthony Edwards,"['PG', 'SG']",MIN
Timofey Mozgov,['C'],
Skylar Mays,"['PG', 'SG']",
Matt Mooney,"['PG', 'SG']",
Anthony Black,"['PG', 'SG']",ORL
Ty Jerome,"['PG', 'SG']",CLE
Jordan Tucker,"['PF', 'SF']",
Onyeka Okongwu,['C'],ATL
Kevin Cross,"['PF', 'SF']",
James Johnson,['PF'],IND
John Wall,"['PG', 'SG']",
Meyers Leonard,['C'],
Johnathan Williams,"['PF', 'SF']",
Kenneth Lofton,"['PF', 'SF']",
Patric Young,"['C', 'PF']",
Džanan Musa,"['PF', 'SF']",
Sacha Killeya-Jones,"['PF', 'SF']",
Ahmad Caver,"['PG', 'SG']",
Bobi Klintman,"['PF', 'SF']",DET
Charles Cooke,"['SF', 'SG']",
C.J. Miles,"['PG', 'SG']",
Eli Brooks,"['PG', 'SG']",
Alex Poythress,"['PF', 'SF']",
James Harden,"['PG', 'SG']",LAC
Khris Middleton,"['PF', 'SF']",WAS
Jaylin Galloway,"['PF', 'SF']",
Sergey Karasev,"['SF', 'SG']",
Dwight Howard,['C'],
Aamir Simms,"['PF', 'SF']",
Jake Stephens,['C'],
DeJon Jarreau,['SG'],
Malachi Smith,"['PG', 'SG']",
Jaden Hardy,"['PG', 'SG']",DAL
D.J. White,"['PF', 'SF']",
Orlando Robinson,['C'],
Nemanja Bjelica,['C'],
Riley Minix,"['PG', 'SF', 'SG']",SAS
Caron Butler,"['PF', 'SF']",
Keyonte George,"['PG', 'SG']",UTA
Jordan McLaughlin,['PG'],SAS
Charles Pride,"['PG', 'SG']",
Matt Williams,"['PG', 'SG']",
Kendall Brown,"['PG', 'SF', 'SG']",
Matt Bonner,"['C', 'PF']",
Derrick Williams,"['PF', 'SF']",
Josh Giddey,['PG'],CHI
Shawn Marion,"['PF', 'SF', 'SG']",
Dru Smith,"['PG', 'SG']",MIA
Ty Lawson,"['PG', 'SG']",
Deonte Burton,"['PG', 'SF']",
Jordan Hill,"['C', 'PF']",
Zaccharie Risacher,"['PF', 'SF']",ATL
Saddiq Bey,"['PF', 'SF']",WAS
Kahlil Whitney,"['PF', 'SF']",
Damjan Rudež,"['PF', 'SF']",
Brandon Davies,"['PF', 'SF']",
Xavier Silas,"['PG', 'SG']",
Galen Robinson,"['PG', 'SG']",
Caleb Daniels,"['PG', 'SG']",
EJ Onu,"['C', 'PF']",
Julius Randle,"['C', 'PF']",MIN
Arinze Onuaku,"['C', 'PF']",
Chasson Randle,"['PG', 'SG']",
Javonte Green,"['SF', 'SG']",CLE
Billy Preston,"['PF', 'SF']",
AJ Johnson,"['PG', 'SF', 'SG']",WAS
Aaron Gray,['C'],
James Bouknight,"['PG', 'SG']",
Dereck Lively,['C'],DAL
Marco Belinelli,"['PG', 'SG']",
Dwight Buycks,"['PG', 'SG']",
Jamel Artis,"['PF', 'SF']",
Kentavious Caldwell-Pope,"['SF', 'SG']",MEM
Anžejs Pasečņiks,"['C', 'PF']",
Semi Ojeleye,['PF'],
James Michael McAdoo,"['PF', 'SF']",
Trayvon Palmer,"['PG', 'SG']",
Marcus Paige,"['PG', 'SG']",
Duncan Robinson,"['SF', 'SG']",MIA
Julyan Stone,"['PG', 'SG']",
Terquavion Smith,"['PG', 'SG']",
Tarik Black,"['C', 'PF']",
Jarron Cumberland,"['PG', 'SG']",
Isaiah Taylor,"['PG', 'SG']",
Darrun Hilliard,"['PF', 'SF']",
Isaiah Thomas,"['PG', 'SG']",
Markquis Nowell,"['PG', 'SG']",
Yannick Nzosa,['C'],
Jordan Poole,"['PG', 'SG']",WAS
Amen Thompson,"['PG', 'SG']",HOU
Steve Blake,"['PG', 'SG']",
T.J. McConnell,['PG'],IND
Eric Demers,"['PG', 'SG']",
Tyler Hall,"['PG', 'SG']",
Cole Aldrich,['C'],
Damien Inglis,"['PF', 'SF']",
Nikola Topić,"['PG', 'SG']",OKC
Rashad Vaughn,"['PG', 'SG']",
Mason Jones,['SF'],SAC
Jeff Adrien,"['PF', 'SF']",
David West,"['PF', 'SF']",
Georgios Papagiannis,['C'],
Pau Gasol,"['C', 'PF']",
Tyler Davis,['C'],
Toumani Camara,"['PF', 'SF', 'SG']",POR
Fred VanVleet,['PG'],HOU
Patrick Baldwin,['SF'],LAC
Nate Renfro,"['PF', 'SF']",
Kyle Collinsworth,"['PG', 'SG']",
Kelly Oubre,"['PF', 'SF']",PHI
Jabari Brown,"['SF', 'SG']",
Josh Richardson,"['PG', 'SG']",
Tre Scott,"['PF', 'SF']",
Damion James,"['PF', 'SF']",
LeBron James,"['C', 'PF', 'SF']",LAL
Sheldon Mac,"['PG', 'SG']",
Wendell Moore,"['PF', 'SF', 'SG']",CHA
Isaiah Crawford,"['PF', 'SF']",SAC
Payton Pritchard,['PG'],BOS
Josiah-Jordan James,"['PG', 'SG']",
Julian Phillips,['PF'],CHI
Demetrius Jackson,"['PG', 'SG']",
Hugo Besson,"['PG', 'SG']",
Lou Williams,"['PG', 'SG']",
Elfrid Payton,"['PG', 'SG']",NOP
Zach Randolph,"['PF', 'SF']",
David Roddy,"['PF', 'SF']",HOU
Henri Drell,"['PF', 'SF']",
Javin DeLaurier,['PF'],
Nate Sestina,"['PF', 'SF']",
Blake Hinson,"['PF', 'SF']",
Cole Swider,"['C', 'PF']",
Javan Johnson,"['PF', 'SF']",
P.J. Washington,"['C', 'PF']",DAL
Lester Hudson,"['PG', 'SG']",
Ochai Agbaji,"['PG', 'SF', 'SG']",TOR
Bradley Beal,"['SF', 'SG']",PHX
Rodions Kurucs,"['PF', 'SF']",
Vince Hunter,"['PF', 'SF']",
Kennedy Chandler,"['PG', 'SG']",
Darius McGhee,"['PG', 'SG']",
Ibi Watson,"['PG', 'SG']",
Reggie Bullock,"['PF', 'SF', 'SG']",
Daniel Ochefu,"['PF', 'SF']",
De'Anthony Melton,"['PG', 'SF', 'SG']",BKN
Vlatko Čančar,"['C', 'PF']",DEN
Tyrese Haliburton,"['PG', 'SG']",IND
Evan Fournier,"['SF', 'SG']",
Maurice Harkless,"['PF', 'SF']",
Dane Goodwin,"['PG', 'SG']",
Max Fiedler,"['PF', 'SF']",
Brandon Jennings,"['PG', 'SG']",
Jaylen Nowell,"['PG', 'SG']",
Grant Jerrett,"['PF', 'SF']",
Marcus Smart,"['PG', 'SG']",WAS
Kevin McCullar,"['PG', 'SG']",NYK
Mike James,"['PG', 'SG']",
Justin Anderson,"['PF', 'SF']",
Feron Hunt,['SF'],
Bryce Dejean-Jones,"['PG', 'SG']",
Tim Quarterman,"['PG', 'SG']",
Ronnie Price,"['PG', 'SG']",
Rondae Hollis-Jefferson,"['PF', 'SF']",
Spencer Hawes,"['C', 'PF']",
Jack White,"['PF', 'SF']",
Anthony Morrow,"['PG', 'SG']",
Matt Barnes,"['PF', 'SF']",
 ,,NYK
Cameron Reynolds,"['SF', 'SG']",
Dario Šarić,['C'],DEN
Antonius Cleveland,"['PG', 'SG']",
Chandler Parsons,"['PF', 'SF']",
J.J. O'Brien,"['PF', 'SF']",
Donovan Mitchell,"['PG', 'SG']",CLE
Keyontae Johnson,"['PF', 'SF']",
Dorell Wright,"['PF', 'SF']",
Steven Adams,['C'],HOU
Justin Robinson,"['PG', 'SG']",
Jahmir Young,"['PG', 'SG']",CHI
EJ Montgomery,"['PF', 'SF']",
LiAngelo Ball,"['PG', 'SG']",
Jarrod Uthoff,"['PF', 'SF']",
Sasha Vezenkov,"['PF', 'SF']",
Beno Udrih,"['PG', 'SG']",
DeAndre' Bembry,"['PF', 'SF']",
Jacob Gilyard,"['PG', 'SG']",
Tyson Etienne,"['PG', 'SG']",BKN
Nando De Colo,"['PG', 'SG']",
Erik Murphy,"['PF', 'SF']",
Moses Moody,"['PF', 'SF', 'SG']",GSW
Phillip Wheeler,"['PF', 'SF']",
Deandre Ayton,['C'],POR
Ben Bentil,"['PF', 'SF']",
Trevor Booker,"['PF', 'SF']",
Tony Parker,"['PG', 'SG']",
Tosan Evbuomwan,"['PF', 'SF']",BKN
Brandon Clarke,"['C', 'PF']",MEM
Kyshawn George,"['PG', 'SF', 'SG']",WAS
Ryan Dunn,"['PF', 'SF']",PHX
Bobi Klintman DUPLICATE,,
Chase Budinger,"['PF', 'SF']",
Miloš Teodosić,"['PG', 'SG']",
Brandon Williams,['PG'],DAL
Shaq Buchanan,"['PG', 'SG']",
Patrick Christopher,"['PG', 'SG']",
Cody Martin,"['PF', 'SF', 'SG']",PHX
Drew Eubanks,['C'],LAC
Ismael Kamagate,['C'],
David Lee,"['C', 'PF']",
Landers Nolley,"['PG', 'SG']",
Vince Williams,"['SF', 'SG']",MEM
Cameron McGriff,"['PF', 'SF']",
Max Strus,"['SF', 'SG']",CLE
Matthew Dellavedova,"['PG', 'SG']",
Cleanthony Early,"['PF', 'SF']",
Élie Okobo,"['PG', 'SG']",
Daniss Jenkins,"['PG', 'SG']",DET
Rob Edwards,"['PG', 'SG']",
Michael Carter-Williams,"['PG', 'SG']",
Deni Avdija,"['PF', 'SF']",POR
Sidy Cissoko,['C'],POR
Jason Terry,"['PG', 'SG']",
Glen Rice,['SG'],
Ziaire Williams,"['PF', 'SF', 'SG']",BKN
Davon Reed,"['PF', 'SF', 'SG']",
Raymond Felton,"['PG', 'SG']",
Derrick Alston,"['PG', 'SG']",
Onuralp Bitim,"['PG', 'SG']",
Chaundee Brown,['SF'],
Ryan Kelly,"['PF', 'SF']",
Terrence Shannon,"['PG', 'SG']",MIN
Cory Jefferson,"['PF', 'SF']",
Kevin Love,"['C', 'PF']",MIA
Elijah Harkless,"['SF', 'SG']",UTA
Diante Garrett,"['PG', 'SG']",
Luke Travers,"['PF', 'SF']",CLE
Yves Missi,['C'],NOP
Jeff Ayres,"['C', 'PF']",
Isaiah Miller,"['PG', 'SG']",
Tyler Dorsey,"['PG', 'SG']",
Noah Clowney,"['C', 'PF']",BKN
Jared Butler,"['PG', 'SF', 'SG']",PHI
Amir Coffey,"['PF', 'SF']",LAC
David Johnson,['PG'],
Bryce Wills,"['PG', 'SG']",
Kyle Anderson,['C'],MIA
Desmond Bane,"['SF', 'SG']",ORL
Nikola Jokić,['C'],DEN
Trevor Ariza,"['PF', 'SF']",
Jalen Green,"['SF', 'SG']",PHX
Axel Toupane,['SF'],
Denzel Mahoney,"['PG', 'SG']",
O.J. Mayo,"['PG', 'SG']",
Joe Harris,"['SF', 'SG']",
Will Magnay,['C'],
Santi Aldama,"['C', 'PF']",MEM
Zylan Cheatham,"['PF', 'SF']",
Jarell Eddie,"['SF', 'SG']",
Juwan Morgan,"['PF', 'SF']",
Jordan Clarkson,"['PG', 'SG']",UTA
Khalifa Diop,['C'],
Patrick Gardner,['C'],
Branden Carlson,['C'],OKC
Malcolm Miller,"['SF', 'SG']",
Malcolm Brogdon,"['PG', 'SG']",WAS
Langston Galloway,"['PG', 'SG']",
Kai Jones,['C'],DAL
Patrick Patterson,"['PF', 'SF']",
Yante Maten,"['PF', 'SF']",
Luke Ridnour,"['PG', 'SG']",
Omri Casspi,"['PF', 'SF']",
Rakeem Christmas,"['PF', 'SF']",
Dennis Schröder,['PG'],DET
Damian Lillard,['PG'],MIL
Luke Babbitt,"['PF', 'SF']",
Jalen Slawson,"['PF', 'SF']",
Billy Garrett,"['PG', 'SG']",
Paolo Banchero,['PF'],ORL
Drew Gooden,"['PF', 'SF']",
Daniel Oturu,['C'],
Xavier Henry,"['PF', 'SF', 'SG']",
Jeremy Evans,"['PF', 'SF']",
Chris Babb,"['PG', 'SG']",
Brad Wanamaker,['PG'],
Tyreke Evans,"['PG', 'SG']",
Josh Minott,['PF'],MIN
Nate Pierre-Louis,"['PF', 'SF']",
James Ennis,['PF'],
Yongxi Cui,"['PG', 'SG']",
Semaj Christon,"['PG', 'SG']",
Reggie Jackson,"['PG', 'SG']",
Jordan Crawford,"['PG', 'SG']",
Bruno Fernando,['C'],
Trey Mourning,"['PF', 'SF']",
Norris Cole,"['PG', 'SG']",
JT Thor,"['C', 'PF']",WAS
Tolu Smith,['C'],DET
Jimmer Fredette,"['PG', 'SG']",
Frank Ntilikina,"['SF', 'SG']",
Lauri Markkanen,"['PF', 'SF']",UTA
Maxi Kleber,"['C', 'PF']",LAL
Miles Bridges,"['PF', 'SF']",CHA
Marcus Georges-Hunt,"['SF', 'SG']",
Jrue Holiday,"['PG', 'SG']",BOS
Derrick Jones,"['C', 'PF']",LAC
Skal Labissière,"['C', 'PF']",
Isaiah Jackson,['C'],IND
Chris Boucher,"['C', 'PF']",TOR
Josh Green,"['SF', 'SG']",CHA
Toure' Murry,"['PG', 'SG']",
Rashard Lewis,"['PF', 'SF']",
Kyle O'Quinn,"['C', 'PF']",
Nick Young,"['PF', 'SF']",
Kyle Singler,"['PF', 'SF']",
Mike Tobey,['C'],
Mason Plumlee,['C'],PHX
Donald Sloan,"['PG', 'SG']",
Donovan Clingan,['C'],POR
David Duke,"['SF', 'SG']",SAS
Naz Reid,"['C', 'PF']",MIN
Nae'Qwan Tomlin,"['PF', 'SF']",CLE
Pacôme Dadiet,['PF'],NYK
Isaiah Hartenstein,['C'],OKC
Rokas Jokubaitis,"['PG', 'SG']",
Chris Andersen,"['C', 'PF']",
Matt Ryan,"['PF', 'SF', 'SG']",
Salah Mejri,['C'],
Mitch Ballock,"['PG', 'SG']",
Rodney Hood,"['PF', 'SF']",
Nicolás Laprovíttola,"['PG', 'SG']",
Gui Santos,"['PF', 'SF', 'SG']",GSW
Amar'e Stoudemire,"['C', 'PF']",
Shannon Brown,"['PG', 'SG']",
Raul Neto,"['PG', 'SG']",
Marques Bolden,['C'],
Luis Scola,"['PF', 'SF']",
Gustavo Ayón,"['C', 'PF']",
Kel'el Ware,['C'],MIA
N'Faly Dante,['C'],HOU
Chris Kaman,['C'],
Anthony Gill,"['PF', 'SF']",WAS
Alex Fudge,"['PF', 'SF']",
Nikola Vučević,['C'],CHI
Ryan Arcidiacono,"['PG', 'SG']",
Shelvin Mack,"['PG', 'SG']",
Marko Simonović,['C'],
Anthony Brown,"['SF', 'SG']",
Monté Morris,['PG'],PHX
Jamorko Pickett,"['C', 'PF', 'SF']",
Trhae Mitchell,"['PG', 'SG']",
Kendrick Nunn,"['PG', 'SG']",
Joakim Noah,['C'],
Caris LeVert,"['SF', 'SG']",ATL
Earl Clark,"['PF', 'SF']",
Darius Morris,"['PG', 'SG']",
Al Harrington,"['PF', 'SF']",
Dillon Jones,"['C', 'PF', 'SF']",OKC
Chris Douglas-Roberts,"['PG', 'SF', 'SG']",
Mike Young,"['PF', 'SF']",
Reece Beekman,['PG'],BKN
Mitch McGary,"['PF', 'SF']",
Zoran Dragić,['SG'],
George King,"['SF', 'SG']",
Wade Baldwin,"['PG', 'SG']",
Jason Maxiell,"['PF', 'SF']",
Joel Embiid,['C'],PHI
Buddy Boeheim,"['PG', 'SG']",
Isaac Humphries,"['C', 'PF']",
Wayne Selden,"['SF', 'SG']",
Brice Johnson,"['PF', 'SF']",
Garrison Mathews,['SF'],ATL
Drew Timme,"['PF', 'SF']",BKN
Joel Bolomboy,"['PF', 'SF']",
Miles McBride,['PG'],NYK
Duop Reath,['C'],POR
Yogi Ferrell,"['PG', 'SG']",
Tyson Chandler,['C'],
Matas Buzelis DUPLICATE,,
Dmytro Skapintsev,['C'],
Al Jefferson,['C'],
Devin Booker,"['PG', 'SG']",PHX
Cassius Stanley,"['SF', 'SG']",
Seth Curry,"['SF', 'SG']",CHA
Mike Conley,['PG'],MIN
Haywood Highsmith,"['PF', 'SF']",MIA
Andray Blatche,"['C', 'PF']",
Trevelin Queen,"['SF', 'SG']",ORL
Udoka Azubuike,['C'],
Enrique Freeman,"['C', 'PF']",IND
Abdul Gaddy,"['PG', 'SG']",
Melvin Ely,"['C', 'PF']",
Nassir Little,"['PF', 'SF', 'SG']",
Omari Johnson,"['PF', 'SF']",
Colby Jones,"['PF', 'SF', 'SG']",WAS
Darius Days,"['PF', 'SF']",
Pascal Siakam,"['C', 'PF']",IND
Yam Madar,"['PG', 'SG']",
Jared Cunningham,"['PG', 'SG']",
Martell Webster,"['PF', 'SF', 'SG']",
Ömer Aşık,['C'],
Marcus Garrett,['SG'],
Myles Powell,['PG'],
D.J. Carton,"['PG', 'SG']",
Dwayne Bacon,"['SF', 'SG']",
JaMychal Green,"['C', 'PF']",
Brandon Miller,"['PF', 'SF']",CHA
Edmond Sumner,"['SF', 'SG']",
DJ Steward,"['PG', 'SG']",
Walt Lemon,"['PG', 'SG']",
Romaro Gill,['C'],
Brandon Rachal,"['PG', 'SG']",
Daishen Nix,['PG'],
Luke Kornet,['C'],BOS
Wesley Matthews,"['PF', 'SF', 'SG']",
Jimmy Butler,"['PF', 'SF']",GSW
Jacob Toppin,['PF'],ATL
Daniel Theis,['C'],
Joel Freeland,"['C', 'PF']",
Zach Collins,['C'],CHI
Shawn Long,"['C', 'PF']",
Kevin Martin,"['PG', 'SG']",
Marquese Chriss,['C'],
Jalen Crutcher,"['PG', 'SG']",
Mo Williams,"['PG', 'SG']",
Darius Garland,['PG'],CLE
Olivier-Maxence Prosper,"['C', 'PF', 'SF']",DAL
Charles Bassey,['C'],SAS
Jaysean Paige,"['PG', 'SG']",
Trevon Bluiett,"['PG', 'SG']",
Kobe Brown,"['PG', 'SF', 'SG']",LAC
Travis Wear,"['PF', 'SF']",
Lester Quinones,"['PG', 'SG']",NOP
Luc Mbah a Moute,"['PF', 'SF']",
Bruce Brown,"['PG', 'SF', 'SG']",NOP
Greg Stiemsma,['C'],
Bronny James,"['PG', 'SG']",LAL
Sim Bhullar,['C'],
Kevin Hervey,"['PF', 'SF']",
Jaren Jackson,"['C', 'PF']",MEM
Brian Roberts,"['PG', 'SG']",
Isaiah Stewart,['C'],DET
William Howard,['PF'],
Shane Battier,"['PF', 'SF']",
Facundo Campazzo,['PG'],
Jerian Grant,"['PG', 'SG']",
David Stockton,"['PG', 'SG']",
John Henson,"['C', 'PF']",
Gabe York,"['PG', 'SG']",
Marial Shayok,['SG'],
Malik Monk,"['SF', 'SG']",SAC
Jusuf Nurkić,['C'],CHA
Nicolás Brussino,"['PF', 'SF']",
Jaylon Tyson,"['PF', 'SF']",CLE
Mitchell Robinson,['C'],NYK
Andre Iguodala,"['C', 'PF', 'SF']",
Cam Whitmore,"['PF', 'SF']",HOU
Danilo Gallinari,['PF'],
Christian Braun,"['SF', 'SG']",DEN
Josh Magette,"['PG', 'SG']",
Sir'Jabari Rice,"['PG', 'SG']",
Oscar Tshiebwe,['C'],UTA
Lance Thomas,"['PF', 'SF']",
Fabian White,"['PF', 'SF']",
Joel Anthony,['C'],
Tacko Fall,['C'],
Ben Moore,"['PF', 'SF']",
Trae Young,['PG'],ATL
Keion Brooks,"['PF', 'SF']",NOP
Andrew Goudelock,"['PG', 'SG']",
Jonathan Mogbo,"['C', 'PF']",TOR
Jordan Burns,"['PG', 'SG']",
Alize Johnson,['C'],
Ricky Ledo,"['PG', 'SG']",
Larry Drew II,"['PG', 'SG']",
Deividas Sirvydis,"['PF', 'SF']",
Devin Cannady,"['PG', 'SG']",
Melvin Frazier,['PG'],
Brandon Ingram,"['PF', 'SF', 'SG']",TOR
Mindaugas Kuzminskas,"['PF', 'SF']",
Caleb Martin,"['PF', 'SF']",DAL
Yuri Collins,"['PG', 'SG']",
DaQuan Jeffries,"['PF', 'SF']",CHA
Furkan Aldemir,"['PF', 'SF']",
Giannis Antetokounmpo,"['C', 'PF']",MIL
Adem Bona,['C'],PHI
José Calderón,"['PG', 'SG']",
Freddie Gillespie,"['C', 'PF']",
Trey Alexander,"['PG', 'SG']",DEN
Shaun Livingston,"['PG', 'SG']",
PJ Dozier,"['PF', 'SF', 'SG']",
Jameel Warney,"['PF', 'SF']",
Kobe Bufkin,['PG'],ATL
Tyrus Thomas,"['PF', 'SF']",
Ben McLemore,"['PG', 'SG']",
Day'Ron Sharpe,['C'],BKN
Jamal Crawford,"['PG', 'SG']",
Malcolm Hill,"['PF', 'SF']",
Alex Sarr,['C'],WAS
Keifer Sykes,['PG'],
Jeff Dowtin,"['PG', 'SF', 'SG']",PHI
Darius Miller,"['PF', 'SF']",
Arnett Moultrie,"['PF', 'SF']",
Alex Stepheson,"['PF', 'SF']",
Romeo Langford,"['PF', 'SF', 'SG']",
Khyri Thomas,"['PG', 'SG']",
Marcus Morris,"['C', 'PF']",
Klay Thompson,"['PF', 'SF', 'SG']",DAL
Keaton Wallace,"['PG', 'SG']",ATL
Wendell Carter,['C'],ORL
Emmanuel Mudiay,"['PG', 'SG']",
Jon Leuer,"['PF', 'SF']",
Charlie Villanueva,"['PF', 'SF']",
Erik McCree,"['PF', 'SF']",
Gary Neal,"['PG', 'SG']",
Jordan Hamilton,"['SF', 'SG']",
RJ Hunter,"['PG', 'SG']",
Austin Reaves,"['PG', 'SF', 'SG']",LAL
Anderson Varejão,['C'],
Ish Smith,['PG'],
Cartier Martin,"['SF', 'SG']",
MaCio Teague,"['PG', 'SG']",
Justin Powell,"['PG', 'SG']",
James Wiseman,['C'],
Mouhamed Gueye,"['C', 'PF']",ATL
Lamar Odom,"['PF', 'SF']",
David Wear,"['PF', 'SF']",
Channing Frye,"['C', 'PF']",
Abdel Nader,['SF'],
Trevion Williams,['C'],
A.J. Hammons,['C'],
Thon Maker,"['C', 'PF']",
Stephen Curry,['PG'],GSW
Le'Bryan Nash,"['SF', 'SG']",
Tony Mitchell,"['PF', 'SF']",
Kendrick Perkins,['C'],
Shabazz Napier,"['PG', 'SG']",
Scotty Pippen,"['PG', 'SG']",MEM
Bojan Bogdanović,"['PF', 'SF', 'SG']",
Aleem Ford,"['PF', 'SF']",
Keandre Cook,"['PG', 'SG']",
RJ Nembhard,"['PG', 'SG']",
Austin Daye,"['PF', 'SF']",
Gradey Dick,"['SF', 'SG']",TOR
Johnny O'Bryant,"['C', 'SF']",
Keve Aluma,"['PF', 'SF']",
Thomas Welsh,['C'],
Cam Christie,"['SF', 'SG']",LAC
Isaiah Whitehead,"['PG', 'SG']",
Seth Lundy,"['PG', 'SF', 'SG']",LAC
Bones Hyland,"['PG', 'SG']",MIN
Dwyane Wade,"['PG', 'SG']",
Dominick Barlow,"['C', 'PF']",ATL
Mouhamadou Gueye,"['PF', 'SF']",
Tyler Zeller,['C'],
Manny Harris,"['PG', 'SG']",
Karlo Matković,"['C', 'PF']",NOP
Perry Jones,"['PF', 'SF']",
Terrence Ross,"['SF', 'SG']",
Robbie Hummel,"['PF', 'SF']",
Killian Tillie,"['PF', 'SF']",
Jannero Pargo,"['PG', 'SG']",
Mirza Teletović,"['PF', 'SF']",
Jabari Bird,"['PG', 'SG']",
Javonte Cooke,"['PG', 'SG']",
Aric Holman,['C'],
Ryan Broekhoff,"['PF', 'SF']",
Yauhen Massalski,"['C', 'PF']",
Nazr Mohammed,['C'],
Chance Comanche,['C'],
Andrew Nicholson,"['PF', 'SF']",
Lonzo Ball,"['PG', 'SF', 'SG']",CHI
Kent Bazemore,"['SF', 'SG']",
Jay Huff,['C'],MEM
Jonathan Kuminga,"['PF', 'SF']",GSW
Tyshawn Taylor,"['PG', 'SG']",
Doron Lamb,"['PG', 'SG']",
Scott Machado,"['PG', 'SG']",
Monta Ellis,"['PG', 'SG']",
Kris Murray,"['PF', 'SF']",POR
Jodie Meeks,"['PG', 'SG']",
Scottie Lewis,['SG'],
Tornike Shengelia,"['PF', 'SF']",
Jeremy Lamb,"['SF', 'SG']",
James Webb,"['PF', 'SF']",
Al-Farouq Aminu,"['PF', 'SF']",
Joffrey Lauvergne,['C'],
Doug McDermott,"['PF', 'SF']",SAC
Maxwell Lewis,"['PF', 'SF', 'SG']",BKN
Xavier Munford,"['PG', 'SG']",
Guerschon Yabusele,"['C', 'PF']",PHI
Will Cherry,"['PG', 'SG']",
Myke Henry,"['PF', 'SF']",
Jeremiah Martin,"['PG', 'SG']",
James Akinjo,"['PG', 'SG']",
AJ Griffin,"['PF', 'SF']",
Tony Allen,"['PF', 'SF', 'SG']",
Jonas Valančiūnas,['C'],SAC
Lindy Waters,"['PF', 'SF']",DET
Tyus Jones,['PG'],PHX
Jaylen Morris,"['PG', 'SG']",
Kenny Wooten,"['PF', 'SF']",
Marcelo Huertas,"['PG', 'SG']",
Dillon Brooks,"['PF', 'SF', 'SG']",PHX
Victor Oladipo,"['PG', 'SG']",
Solomon Jones,"['PF', 'SF']",
Mike Muscala,['C'],
Quincy Acy,"['PF', 'SF']",
Vince Carter,"['PG', 'SF', 'SG']",
Jalen Pickett,"['PG', 'SG']",DEN
Luka Šamanić,"['PF', 'SF']",
Matt Lewis,"['PG', 'SG']",
Henry Walker,['SF'],
Saben Lee,['PG'],
Naji Marshall,"['PF', 'SF', 'SG']",DAL
Garrett Temple,"['PG', 'SG']",TOR
Devin Harris,"['PG', 'SG']",
Shareef O'Neal,"['PF', 'SF']",
Jordan Nwora,"['PF', 'SF', 'SG']",
Xavier Tillman,"['C', 'PF']",BOS
Jonas Jerebko,"['PF', 'SF']",
Troy Daniels,"['PG', 'SG']",
Isaiah Hicks,"['PF', 'SF']",
Keegan Murray,"['PF', 'SF']",SAC
Tahjere McCall,"['PG', 'SG']",
Josh Okogie,"['PF', 'SF']",CHA
Antawn Jamison,"['PF', 'SF']",
Trent Forrest,"['SF', 'SG']",
Johnny Hamilton,['C'],
Marcus Zegarowski,"['PG', 'SG']",
Darrell Arthur,"['PF', 'SF']",
A.J. Reeves,"['PG', 'SG']",
Draymond Green,"['C', 'PF']",GSW
Ray Allen,"['PG', 'SG']",
Roy Hibbert,['C'],
Eric Maynor,"['PG', 'SG']",
Isaiah Stevens,['PG'],MIA
Andre Miller,"['PG', 'SG']",
Hunter Tyson,"['PF', 'SF']",DEN
Quentin Grimes,"['PG', 'SG']",PHI
Dalton Knecht,"['PF', 'SF', 'SG']",LAL
Christian Terrell,"['PG', 'SG']",
Trey Burke,"['PG', 'SG']",
Bennie Boatwright,"['PF', 'SF']",
Vernon Carey,['C'],
Briante Weber,"['PG', 'SG']",
A.J. Price,"['PG', 'SG']",
RaeQuan Battle,"['PG', 'SG']",
Ronny Turiaf,['C'],
Moses Wood,"['PF', 'SF']",
Jeremy Sochan,"['C', 'PF', 'SF']",SAS
Carlos Delfino,"['PG', 'SF', 'SG']",
Miller Kopp,"['PF', 'SF']",
Royal Ivey,"['PG', 'SG']",
Quenton Jackson,['SG'],IND
Rayjon Tucker,"['PG', 'SG']",
Reggie Hearn,"['PG', 'SG']",
Alperen Sengun,"['C', 'PF']",HOU
Devontae Cacok,"['C', 'PF']",
Dāvis Bertāns,"['C', 'PF', 'SF']",
Chima Moneke,"['PF', 'SF']",
Ja'Kobe Walter,"['SF', 'SG']",TOR
Ed Davis,"['C', 'PF']",
Corey Kispert,"['PF', 'SF']",WAS
Byron Mullens,['C'],
Aaron Jackson,"['PG', 'SG']",
E'Twaun Moore,"['PG', 'SF', 'SG']",
Frank Mason,"['PG', 'SG']",
Trevon Duval,"['PG', 'SG']",
Derrick White,"['PG', 'SG']",BOS
Jordan Ford,"['PG', 'SG']",
Malcolm Thomas,"['PF', 'SF']",
Davion Mitchell,['PG'],MIA
Amida Brimah,['C'],
Kevin Pangos,"['PG', 'SG']",
Alexey Shved,"['PG', 'SG']",
Louis King,"['PF', 'SF']",
Charles Matthews,"['PG', 'SG']",
Ricky Council,"['PG', 'SF', 'SG']",PHI
Tyrell Terry,"['PG', 'SG']",
Delon Wright,['PG'],NYK
Nathan Mensah,"['PF', 'SF']",
Ryan Gomes,"['PF', 'SF']",
Johnny Furphy,"['SF', 'SG']",IND
Kevin Séraphin,"['C', 'PF']",
Cedi Osman,"['PF', 'SF', 'SG']",
Cole Anthony,['PG'],MEM
Hassani Gravett,"['PG', 'SG']",
Kevin Obanor,"['PF', 'SF']",
Grayson Murphy,"['PG', 'SG']",
Jeremiah Tilmon,['C'],
Olivier Sarr,['C'],
Jamal Shead,['PG'],TOR
David Nwaba,"['PF', 'SF']",
Sasha Kaun,['C'],
Robert Williams,"['C', 'PF']",POR
Kobi Simmons,"['PG', 'SG']",
Kadeem Allen,"['PG', 'SG']",
Okaro White,"['PF', 'SF']",
Dusty Hannahs,"['PG', 'SG']",
Ben Sheppard,"['SF', 'SG']",IND
D'Angelo Russell,['PG'],BKN
Reed Sheppard,"['PG', 'SG']",HOU
Jonah Bolden,"['PF', 'SF']",
Mfiondu Kabengele,"['C', 'PF']",
Eric Paschall,"['C', 'PF']",
Nikola Mirotić,"['PF', 'SF']",
Jerami Grant,['PF'],POR
Anthony Lamb,"['PF', 'SF']",
Jarrell Brantley,"['PF', 'SF']",
Dairis Bertāns,"['PG', 'SG']",
Gordon Hayward,"['PF', 'SF', 'SG']",
Julian Washburn,"['SF', 'SG']",
Ángel Delgado,['C'],
Tyler Polley,"['PF', 'SF']",
Nuni Omot,"['PF', 'SF']",
Marcus Thornton,"['PG', 'SG']",
Zaza Pachulia,['C'],
Brandan Wright,"['C', 'PF']",
Kevon Looney,['C'],GSW
Marcus Foster,"['PG', 'SG']",
Anthony Barber,"['PG', 'SG']",
Jordan Loyd,"['PG', 'SG']",
Cassius Winston,"['PG', 'SG']",
Amile Jefferson,"['PF', 'SF']",
Souley Boum,"['PG', 'SG']",
JaQuori McLaughlin,"['PG', 'SG']",
Awudu Abass,"['PF', 'SF']",
Zach LaVine,"['PG', 'SG']",SAC
Spencer Dinwiddie,"['PG', 'SF', 'SG']",DAL
C.J. Wilcox,"['PG', 'SG']",
Isaac Okoro,"['PF', 'SF']",CLE
Jock Landale,['C'],HOU
Archie Goodwin,"['PG', 'SG']",
Erick Green,"['PG', 'SG']",
Glen Davis,"['C', 'PF']",
Cody Demps,"['SF', 'SG']",
Darin Green,"['PG', 'SG']",
Ronald Roberts,"['PF', 'SF']",
Gabe Vincent,"['PG', 'SG']",LAL
Denzel Valentine,"['PG', 'SG']",
Dyson Daniels,"['PG', 'SG']",ATL
Will Bynum,"['PG', 'SG']",
Jalen Suggs,"['PG', 'SG']",ORL
Sebastian Telfair,"['PG', 'SG']",
Royce O'Neale,"['PF', 'SF']",PHX
Justin Hamilton,"['C', 'PF']",
Tristan Enaruna,"['PF', 'SF']",
Jalen Jones,"['PF', 'SF']",
Evan Mobley,"['C', 'PF']",CLE
Yuki Kawamura,['PG'],MEM
Ersan İlyasova,"['PF', 'SF']",
Trey Woodbury,"['PG', 'SG']",
Dejounte Murray,"['PG', 'SG']",NOP
Adonis Arms,"['PF', 'SF']",
Mike Miles,"['PG', 'SG']",
Emeka Okafor,['C'],
Talen Horton-Tucker,"['SF', 'SG']",CHI
C.J. Williams,"['PG', 'SG']",
Jalen Smith,['C'],CHI
Henry Ellenson,"['C', 'PF']",
Noah Vonleh,"['C', 'PF']",
Tim Hardaway,"['SF', 'SG']",DET
Kyler Edwards,"['PG', 'SG']",
D.J. Stephens,"['SF', 'SG']",
Juan Toscano-Anderson,"['PF', 'SF', 'SG']",
JJ Redick,"['PG', 'SG']",
Karim Mané,"['PG', 'SG']",
Grant Riller,['SG'],
Joe Young,"['PG', 'SG']",
Tibor Pleiß,['C'],
Timothé Luwawu-Cabarrot,"['SF', 'SG']",
KJ Simpson,['PG'],CHA
Justin Harper,"['PF', 'SF']",
Patricio Garino,"['PG', 'SG']",
Precious Achiuwa,['C'],NYK
RJ Barrett,"['PF', 'SF', 'SG']",TOR
Jaedon LeDee,"['PF', 'SF']",
Ausar Thompson,"['SF', 'SG']",DET
Ivica Zubac,['C'],LAC
Jalen Wilson,"['PF', 'SF', 'SG']",BKN
Zhaire Smith,"['PG', 'SG']",
Kira Lewis,['PG'],
Gian Clavell,"['PG', 'SG']",
Pero Antić,"['C', 'PF']",
Xavier Rathan-Mayes,"['PG', 'SG']",
Juan Núñez,"['PG', 'SG']",
Donta Hall,"['PF', 'SF']",
Kyrie Irving,"['PG', 'SG']",DAL
Daeqwon Plowden,"['PF', 'SF']",ATL
Jamil Wilson,"['PF', 'SF']",
Sekou Doumbouya,['PF'],
Bol Bol,"['C', 'PF']",PHX
Jabari Walker,"['C', 'PF']",POR
Tyler Kolek,['PG'],NYK
Nick Richards,['C'],PHX
Trey McKinney-Jones,"['PG', 'SG']",
Nik Stauskas,['SF'],
Furkan Korkmaz,"['SF', 'SG']",
Ben Gordon,"['PG', 'SG']",
Jared Sullinger,"['C', 'PF']",
Leaky Black,"['PF', 'SF']",
Walker Kessler,['C'],UTA
Patrick Williams,['PF'],CHI
Ignas Brazdeikis,"['PF', 'SF']",
Michael Devoe,"['PG', 'SG']",
PJ Hall,['C'],DEN
Reggie Kissoonlal,"['PF', 'SF']",
Noah Kirkwood,"['PG', 'SG']",
Setric Millner,"['PF', 'SF']",
Richaun Holmes,['C'],WAS
Aaron Wiggins,"['PF', 'SF', 'SG']",OKC
Grayson Allen,"['SF', 'SG']",PHX
Boogie Ellis,"['PG', 'SG']",
Jalen Hood-Schifino,"['PF', 'SF', 'SG']",PHI
Sasha Vujačić,"['PG', 'SG']",
Jontay Porter,"['C', 'PF']",
Anthony Tolliver,"['PF', 'SF']",
Randy Foye,"['PG', 'SG']",
Larry Sanders,['C'],
Nate Williams,"['PG', 'SF', 'SG']",HOU
James Banks,['C'],
Taj Gibson,"['C', 'PF']",CHA
Victor Claver,"['PF', 'SF']",
Luka Garza,['C'],MIN
Andrei Kirilenko,"['PF', 'SF']",
Devon Hall,"['PG', 'SG']",
Tyrese Maxey,['PG'],PHI
Jared Dudley,"['PF', 'SF']",
Quincy Pondexter,"['PF', 'SF']",
Aron Baynes,['C'],
Jahlil Okafor,"['C', 'PF']",
Matt Hurt,"['PF', 'SF']",
Jake LaRavia,"['PF', 'SF']",SAC
Marcus Bingham,"['PF', 'SF']",
Jaxson Hayes,"['C', 'PF']",LAL
Drew Peterson,"['PF', 'SF']",BOS
Ja Morant,['PG'],MEM
Harrison Ingram,"['PF', 'SF']",SAS
Marquis Teague,"['PG', 'SG']",
Christian Wood,"['C', 'PF']",
Jarace Walker,"['PF', 'SF']",IND
Théo Maledon,"['PG', 'SG']",
Alen Smailagić,"['PF', 'SF']",
Milton Doyle,"['PG', 'SG']",
Justin Lewis,"['PF', 'SF']",
A.J. Lawson,"['PG', 'SF', 'SG']",TOR
Luke Kennard,"['PG', 'SG']",MEM
Damien Jefferson,"['PF', 'SF']",
Alfonzo McKinnie,"['PF', 'SF']",
Maurice N'dour,"['PF', 'SF']",
Damien Wilkins,"['PG', 'SF', 'SG']",
Jordan McRae,"['PG', 'SG']",
Drake Jeffries,"['PG', 'SG']",
Grant Williams,['PF'],CHA
Lamine Diane,"['PF', 'SF']",
Derek Fisher,"['PG', 'SG']",
Chris McCullough,"['PF', 'SF']",
Giorgi Bezhanishvili,"['PF', 'SF']",
Jared Rhoden,"['PF', 'SF', 'SG']",TOR
Anton Watson,"['PF', 'SF']",NYK
Rodney McGruder,"['SF', 'SG']",
Trayce Jackson-Davis,['C'],GSW
Leonard-DUP Miller-DUP,"['PF', 'SF']",
Kevin Knox,"['PF', 'SF']",GSW
Tre Jones,"['PG', 'SF', 'SG']",CHI
Joirdon Nicholas,"['PF', 'SF']",
Levi Randolph,"['PG', 'SG']",
Aminu Mohammed,"['PG', 'SG']",
Malachi Flynn,"['PG', 'SG']",
Solomon Hill,"['PF', 'SF']",
Stanton Kidd,"['PF', 'SF']",
Naz Mitrou-Long,"['PG', 'SG']",
Tommy Kuhse,"['PG', 'SG']",
Alex Reese,"['PF', 'SF']",PHI
Ish Wainright,"['C', 'PF']",
Bryson Williams,"['PF', 'SF']",
Sam Hauser,"['PF', 'SF']",BOS
Kihei Clark,"['PG', 'SG']",
Caleb McConnell,"['PG', 'SG']",
Al Horford,"['C', 'PF']",BOS
Oshae Brissett,"['C', 'PF']",
Elijah Millsap,"['PF', 'SF', 'SG']",
John Konchar,"['PF', 'SF', 'SG']",MEM
Robert Sacre,['C'],
Jason Preston,['PG'],
Markieff Morris,"['C', 'PF']",LAL
Drew Gordon,"['PF', 'SF']",
Serge Ibaka,['C'],
Malik Fitts,"['PF', 'SF']",
Isaac Bonga,"['PF', 'SF']",
Robert Franks,"['PF', 'SF']",
Andrew Nembhard,"['PG', 'SG']",IND
Blake Griffin,"['C', 'PF']",
Cameron Oliver,"['C', 'PF']",
Matisse Thybulle,"['SF', 'SG']",POR
Chris Duarte,"['SF', 'SG']",
Armaan Franklin,"['PG', 'SG']",
Harrison Barnes,"['C', 'PF']",SAS
Festus Ezeli,['C'],
Rodney Stuckey,"['PG', 'SG']",
Jamaal Franklin,"['PG', 'SG']",
Marko Gudurić,"['PG', 'SG']",
Dakota Mathias,"['PG', 'SG']",
Malachi Richardson,"['PG', 'SG']",
Jeriah Horne,"['PF', 'SF']",
Chandler Hutchison,"['PF', 'SF']",
Tyler Herro,"['PG', 'SG']",MIA
Josh Jackson,"['PF', 'SF']",
Warren Washington,"['PF', 'SF']",
Chris Singleton,"['PF', 'SF']",
Gal Mekel,"['PG', 'SG']",
Nemanja Nedović,"['PG', 'SG']",
Jabari Smith,"['C', 'PF']",HOU
Damion Baugh,"['PG', 'SG']",CHA
Greivis Vásquez,"['PG', 'SG']",
Davion Mintz,"['PG', 'SG']",
Joe Ingles,"['PF', 'SF']",MIN
Ian Clark,"['PG', 'SG']",
Amari Bailey,"['PG', 'SG']",
Anfernee Simons,"['PG', 'SG']",POR
London Perrantes,"['PG', 'SG']",
Daniel Orton,['C'],
Caleb Houstan,"['SF', 'SG']",ORL
Tony Carr,"['PG', 'SG']",
Xavier Sneed,"['PF', 'SF']",
Tyler Hansbrough,"['C', 'PF']",
Alondes Williams,"['PG', 'SG']",
Marcus Domask,"['PG', 'SF', 'SG']",
Yuta Watanabe,"['PF', 'SF', 'SG']",
Rodney Purvis,"['PG', 'SG']",
Hassan Whiteside,['C'],
Earl Barron,"['C', 'PF']",
Terrence Jones,"['PF', 'SF']",
Jordan Farmar,"['PG', 'SG']",
Kay Felder,"['PG', 'SG']",
OG Anunoby,['PF'],NYK
Carl Landry,"['PF', 'SF']",
Tim Duncan,"['C', 'PF']",
Markel Brown,"['PG', 'SG']",
Ognjen Kuzmić,['C'],
Jarvis Varnado,"['C', 'PF']",
Malik Ellison,"['PG', 'SG']",
Cheick Diallo,['C'],
Aaron Estrada,"['PG', 'SG']",
JD Davison,"['PG', 'SG']",BOS
Arnoldas Kulboka,['SF'],
LaMelo Ball,['PG'],CHA
Devin Robinson,"['PF', 'SF']",
Iman Shumpert,"['PG', 'SG']",
Emoni Bates,"['PF', 'SF']",CLE
Amir Johnson,"['C', 'PF']",
Jared Harper,['PG'],
Brandon Paul,"['PG', 'SG']",
Trey Lyles,"['C', 'PF']",SAC
Zion Williamson,"['PF', 'SF']",NOP
LaMarcus Aldridge,['C'],
Bryce McGowens,"['PG', 'SG']",POR
Garrison Brooks,"['PF', 'SF']",
Simi Shittu,"['C', 'PF']",
Ryan Hollins,['C'],
Jeremy Tyler,['C'],
McKinley Wright,['PG'],
Tyrece Radford,"['PG', 'SG']",
Andre Jackson,"['SF', 'SG']",MIL
Lance Stephenson,"['PG', 'SG']",
Ibou Badji,['C'],
Chris Copeland,"['PF', 'SF']",
Romeo Weems,"['PF', 'SF']",
Elijah Bryant,"['PG', 'SG']",
Julian Champagnie,"['SF', 'SG']",SAS
Troy Brown,"['PF', 'SF', 'SG']",
Herbert Jones,"['PF', 'SF']",NOP
Drew Pember,"['PF', 'SF']",
Moses Wright,['SF'],
Taurean Prince,"['PF', 'SF', 'SG']",MIL
Peyton Siva,"['PG', 'SG']",
Alex Kirk,['C'],
Johnny Davis,"['PG', 'SG']",
Jamaree Bouyea,"['PG', 'SG']",MIL
John Salmons,"['PF', 'SF', 'SG']",
Cam Spencer,"['PG', 'SF', 'SG']",MEM
Chris Chiozza,"['PG', 'SG']",
Cody Zeller,"['C', 'PF']",
Lou Amundson,"['C', 'PF']",
Luguentz Dort,"['SF', 'SG']",OKC
MarShon Brooks,"['PG', 'SG']",
Dalano Banton,['PG'],POR
Keon Johnson,"['PG', 'SG']",BKN
John Jenkins,"['PG', 'SG']",
Kylor Kelley,['C'],
Darius Bazley,"['PF', 'SF']",
JR Smith,"['SF', 'SG']",
Vasilije Micić,"['PG', 'SG']",PHX
Erik Stevenson,"['PG', 'SG']",
Manu Ginóbili,"['PG', 'SG']",
Killian Hayes,['PG'],
Robin Lopez,['C'],
Jacob Pullen,"['PG', 'SG']",
Jimmy Whitt,"['PG', 'SG']",
Torrey Craig,"['PF', 'SF']",BOS
Spencer Jones,"['SF', 'SG']",DEN
Dexter Pittman,['C'],
Ousmane Dieng,"['C', 'PF', 'SF']",OKC
Victor Wembanyama,['C'],SAS
Rayan Rupert,"['PG', 'SF', 'SG']",POR
Nathan Knight,"['C', 'PF']",
Jaylen Johnson,"['PF', 'SF']",
Derrick Walton,['PG'],
Andre Drummond,['C'],PHI
Nico Mannion,"['PG', 'SG']",
Ricky Rubio,"['PG', 'SG']",
T.J. Warren,"['PF', 'SF']",
Michael Frazier,"['PG', 'SG']",
Shai Gilgeous-Alexander,['PG'],OKC
Boo Buie,"['PG', 'SG']",
Nickeil Alexander-Walker,"['SF', 'SG']",MIN
Tyler Johnson,"['PG', 'SG']",
Viacheslav Kravtsov,['C'],
Gary Clark,['PF'],
Andrew Bynum,['C'],
Goga Bitadze,['C'],ORL
Kris Dunn,"['PG', 'SG']",LAC
Vic Law,"['PF', 'SF']",
Seth-DUP Millner-DUP,"['PF', 'SF']",
Stephon Castle,"['PG', 'SG']",SAS
Patrick McCaw,"['PG', 'SG']",
Jay Scrubb,"['SF', 'SG']",
KJ Williams,"['PF', 'SF']",
Metta World Peace,"['PF', 'SF']",
Mojave King,"['PG', 'SG']",
Zyon Pullin,"['PG', 'SG']",MEM
Daulton Hommes,"['PF', 'SF']",
Terrance Ferguson,"['PG', 'SG']",
Coby White,"['PG', 'SG']",CHI
Kyle Kuzma,"['PF', 'SF']",MIL
Adama Sanogo,"['PF', 'SF']",
Kendric Davis,"['PG', 'SG']",
Shane Larkin,"['PG', 'SG']",
Mohamed Diarra,"['PF', 'SF']",
Oso Ighodaro,"['C', 'PF']",PHX
D.J. Wilson,"['C', 'PF']",
Gabe Osabuohien,"['PF', 'SF']",
Adonis Thomas,"['SF', 'SG']",
Dereon Seabron,"['PG', 'SG']",
Dragan Bender,"['PF', 'SF']",
Kawhi Leonard,"['PF', 'SF']",LAC
RaiQuan Gray,"['PF', 'SF']",
Nicolò Melli,"['PF', 'SF']",
Jalen Bridges,"['PF', 'SF']",PHX
Kostas Papanikolaou,"['PF', 'SF']",
Vincent Edwards,"['PF', 'SF']",
Kenneth Faried,"['C', 'PF']",
DeAndre Liggins,"['PG', 'SG']",
Jeff Green,"['C', 'PF', 'SF']",HOU
Allen Flanigan,"['PG', 'SG']",
TyTy Washington,"['PG', 'SG']",PHX
Marcus Sasser,['PG'],DET
Alexis Ajinça,['C'],
Stephan Hicks,"['SF', 'SG']",
Donte Grantham,"['PF', 'SF']",
Chris Wright,"['PF', 'SF']",
Jeremy Lin,"['PG', 'SG']",
Shayne Whittington,"['C', 'PF']",
Bryn Forbes,"['PG', 'SG']",
Shamorie Ponds,"['PG', 'SG']",
Iverson Molinar,"['PG', 'SG']",
JC Butler,"['PF', 'SF']",
Hilton Armstrong,"['C', 'PF']",
Quincy Miller,"['PF', 'SF']",
Tony Snell,"['SF', 'SG']",
Courtney Lee,"['PG', 'SG']",
Carlos Boozer,"['PF', 'SF']",
John Lucas,"['PG', 'SG']",
Treveon Graham,"['PF', 'SF']",
Terence Davis,"['SF', 'SG']",SAC
Dewan Hernandez,"['C', 'PF']",
Yves Pons,"['C', 'PF']",
Jonathon Simmons,"['PG', 'SG']",
Marcus Bagley,"['PF', 'SF']",
Alex Caruso,"['PG', 'SG']",OKC
Craig Porter,"['PG', 'SG']",CLE
Gabe McGlothan,"['PF', 'SF']",
Paul George,"['SF', 'SG']",PHI
Jalen Lecque,"['PG', 'SG']",
KJ Martin,"['PF', 'SF']",UTA
Dylan Windler,"['PF', 'SF', 'SG']",
Keith Appling,"['PG', 'SG']",
Christian Vital,"['PG', 'SG']",
Antoine Davis,"['PG', 'SG']",
John Petty,"['PG', 'SG']",
Jordan Goodwin,['PG'],LAL
Michael Foster,"['PF', 'SF']",
Mantas Rubstavicius,"['PG', 'SG']",
Dahntay Jones,"['PG', 'SF', 'SG']",
Ömer Yurtseven,['C'],
Jordan Walker,"['PG', 'SG']",
Jason Richardson,"['PG', 'SG']",
Jermaine O'Neal,"['C', 'PF']",
Taze Moore,"['PG', 'SG']",
Alec Peters,"['PF', 'SF']",
Malcolm Cazalon,"['PG', 'SG']",
Lucas Williamson,"['PG', 'SG']",
Jordan Bowden,"['PG', 'SG']",
Kyle Korver,"['PG', 'SF', 'SG']",
Ky Bowman,"['PG', 'SG']",
Kyle Filipowski,['C'],UTA
Malik Newman,"['PG', 'SG']",
J.P. Macura,"['PG', 'SG']",
Julian Strawther,"['SF', 'SG']",DEN
Rui Hachimura,"['PF', 'SF']",LAL
Jonathan Isaac,['PF'],ORL
Adam Flagler,"['PG', 'SF', 'SG']",OKC
Anthony Bennett,"['PF', 'SF']",
Tony Bradley,['C'],IND
Elijah Hughes,"['PF', 'PG', 'SF', 'SG']",
Chris Johnson,"['PG', 'SG']",
Josh Gray,"['PG', 'SG']",
Maalik Wayns,"['PG', 'SG']",
Tremont Waters,['PG'],
Branden Dawson,"['PF', 'SF']",
Michael Porter,"['PF', 'SF']",DEN
Darryl Morsell,"['PG', 'SG']",
Tarik Phillip,"['PG', 'SG']",
Vincent Poirier,"['C', 'PF']",
Orlando Johnson,"['PG', 'SG']",
Montrezl Harrell,['C'],
Wilson Chandler,"['PF', 'SF']",
Jacob Evans,"['SF', 'SG']",
Keith Bogans,"['PG', 'SF', 'SG']",
Jamison Battle,"['PF', 'SF']",TOR
Zhou Qi,"['C', 'PF']",
Anthony Randolph,"['PF', 'SF']",
Terance Mann,"['SF', 'SG']",ATL
Larry Nance,"['C', 'PF']",ATL
Bryce Brown,"['PG', 'SG']",
Gerald Wallace,"['PF', 'SF']",
Elton Brand,"['C', 'PF']",
Dwayne Sutton,"['PF', 'SF']",
Bryce Cotton,"['PG', 'SG']",
Chuma Okeke,"['PF', 'SF']",CLE
Jalen Harris,"['PG', 'SG']",
Elias Harris,"['PF', 'SF']",
Shaedon Sharpe,"['PG', 'SG']",POR
Kyle Guy,"['PG', 'SG']",
Bismack Biyombo,['C'],SAS
Álex Abrines,"['SF', 'SG']",
Judah Mintz,"['PG', 'SG']",
Lance Jones,"['PG', 'SG']",
Elliot Williams,"['PG', 'SG']",
Jackson Rowe,"['PF', 'SF']",GSW
James Southerland,"['PF', 'SF']",
Dirk Nowitzki,"['PF', 'SF']",
Justin Wright-Foreman,"['PG', 'SG']",
Caleb Swanigan,"['PF', 'SF']",
Terry Taylor,"['C', 'PF', 'SF']",
T.J. Leaf,"['PF', 'SF']",
Thomas Robinson,"['PF', 'SF']",
Justin Minaya,['SF'],POR
Joey Dorsey,"['C', 'PF']",
Vander Blue,"['PG', 'SG']",
Ronald Holland,"['PF', 'SF']",DET
Keon Ellis,"['PG', 'SG']",SAC
RJ Hampton,"['PG', 'SG']",
Carrick Felix,"['PG', 'SF', 'SG']",
Andre Dawkins,"['PG', 'SG']",
Clint Capela,['C'],ATL
Gorgui Dieng,['C'],
Hasheem Thabeet,['C'],
Zach Lofton,"['PG', 'SG']",
Sonny Weems,['SF'],
George Conditt,"['PF', 'SF']",
DeVaughn Akoon-Purcell,['SF'],
Micah Potter,"['C', 'PF']",UTA
Azuolas Tubelis,"['PF', 'SF']",
Nate Darling,"['PG', 'SG']",
Dariq Whitehead,"['PG', 'SF', 'SG']",BKN
Gerald Green,"['PG', 'SF', 'SG']",
Mark Williams,['C'],CHA
Matthew Mayer,"['PF', 'SF']",
Diamond Stone,['C'],
Aaron Harrison,"['PG', 'SG']",
Trevor Keels,"['PG', 'SG']",
Maozinha Pereira,"['PF', 'SF']",
Deron Williams,"['PG', 'SG']",
Matt Costello,"['C', 'PF']",
Jalen McDaniels,"['SF', 'SG']",
Tres Tinkle,"['PF', 'SF']",
Henry Sims,['C'],
Thomas Bryant,['C'],IND
Kendall Marshall,"['PG', 'SG']",
Justise Winslow,"['PF', 'SF', 'SG']",
Quinten Post,['C'],GSW
Nigel Williams-Goss,"['PG', 'SG']",
Mustafa Shakur,"['PG', 'SG']",
Jordan Miller,"['SF', 'SG']",LAC
Jon Teske,['C'],
Robert Covington,['PF'],
Jaden Shackelford,"['PG', 'SG']",
Peyton Watson,"['PF', 'SF']",DEN
David Jones,"['PF', 'SF']",
Mikal Bridges,"['PF', 'SF']",NYK
Keshawn Justice,"['PF', 'SF']",
Travis Outlaw,"['PF', 'SF']",
Edy Tavares,['C'],
Jaden Ivey,"['PG', 'SG']",DET
Ryan Turell,"['PF', 'SF']",
Jan Veselý,"['PF', 'SF']",
Russ Smith,"['PG', 'SG']",
Norvel Pelle,['C'],
Yakuba Ouattara,"['PG', 'SG']",
Pat Connaughton,"['PF', 'SF', 'SG']",MIL
Myles Turner,"['C', 'PF']",IND
Francisco García,"['SF', 'SG']",
Duje Dukan,"['C', 'PF']",
Jaylen Wells,"['SF', 'SG']",MEM
Jason Smith,"['C', 'PF']",
Ron Harper,"['PF', 'SF']",DET
Josh Hart,"['SF', 'SG']",NYK
Isaiah Todd,"['C', 'PF']",
Kyle Wiltjer,"['PF', 'SF']",
Dwight Powell,['C'],DAL
Usman Garuba,"['C', 'PF']",
Justinian Jessup,"['PG', 'SG']",
Nikola Jović,['PF'],MIA
JaVale McGee,['C'],
Justin Jackson,"['PF', 'SF', 'SG']",
Jalen Brunson,['PG'],NYK
Marlon Taylor,"['PG', 'SG']",
Jerome Jordan,['C'],
Gary Payton,"['PG', 'SF', 'SG']",GSW
Johnathan Motley,"['PF', 'SF']",
Kaleb Wesson,"['PF', 'SF']",
Nate Hinton,"['PF', 'SF']",
Johnny Juzang,"['SF', 'SG']",UTA
Evan Turner,"['PG', 'SF', 'SG']",
Jeremiah Robinson-Earl,"['C', 'PF']",NOP
Nick Collison,"['PF', 'SF']",
Zach Norvell,"['SF', 'SG']",
Sterling Brown,"['PF', 'SF', 'SG']",
Jevon Carter,"['PG', 'SF', 'SG']",CHI
Andrew Harrison,"['PG', 'SG']",
Ron Baker,"['PG', 'SG']",
Pat Spencer,"['PG', 'SF', 'SG']",GSW
Collin Gillespie,"['PG', 'SG']",PHX
Georges Niang,['PF'],ATL
Thabo Sefolosha,"['C', 'PF']",
Reggie Perry,['C'],
Dakari Johnson,['C'],
Cason Wallace,"['PG', 'SG']",OKC
Marcin Gortat,['C'],
Mike Harris,"['PF', 'SF']",
Kemba Walker,['PG'],
Hunter Maldonado,"['PG', 'SG']",
Kevin Durant,"['PF', 'SF']",HOU
Jaylen Martin,"['SF', 'SG']",WAS
Quincy Olivari,"['PG', 'SG']",
Daniel Hamilton,['SG'],
Josh Powell,"['C', 'PF']",
Ajay Mitchell,"['PG', 'SG']",OKC
Justin Bean,"['PF', 'SF']",
Austin Rivers,"['SF', 'SG']",
Paris Bass,['SF'],
Otto Porter,"['PF', 'SF']",
Dorian Finney-Smith,"['PF', 'SF']",LAL
Eric Gordon,"['SF', 'SG']",PHI
James Jones,"['PG', 'SF', 'SG']",
Shaquille Harrison,"['PG', 'SF']",
Ramon Sessions,"['PG', 'SG']",
Andre Roberson,['PF'],
Liam Robbins,"['PF', 'SF']",
Donatas Motiejūnas,"['C', 'PF']",
DeJuan Blair,"['C', 'PF']",
Daniel Gafford,['C'],DAL
Stanley Johnson,"['C', 'PF', 'SF']",
Trentyn Flowers,"['SF', 'SG']",LAC
Jordan Hall,"['PG', 'SF', 'SG']",
Jason Collins,['C'],
Kosta Koufos,['C'],
Brandon Slater,"['PF', 'SF']",
Pelle Larsson,"['SF', 'SG']",MIA
Eric Moreland,['C'],
Willie Green,"['PG', 'SG']",
Keldon Johnson,"['PF', 'SF']",SAS
Karl-Anthony Towns,"['C', 'PF']",NYK
Earl Watson,"['PG', 'SG']",
Ashton Hagans,['PG'],
Pierria Henry,"['PG', 'SG']",
Markus Howard,"['PG', 'SG']",
Richard Solomon,['C'],
Jack McVeigh,['PF'],HOU
Neemias Queta,['C'],BOS
Mo Bamba,['C'],
Miles Norris,"['PF', 'SF']",BOS
Tyson Ward,"['PG', 'SF', 'SG']",
Timmy Allen,"['PF', 'SF']",
Cam Reddish,"['PF', 'SF']",
Shabazz Muhammad,"['SF', 'SG']",
Paul Reed,"['C', 'PF']",DET
Markelle Fultz,"['PG', 'SG']",SAC
Derrick Rose,['PG'],
Nick Smith,"['PG', 'SG']",CHA
Willie Cauley-Stein,['C'],
Danny Granger,"['PF', 'SF', 'SG']",
Theo Pinson,"['SF', 'SG']",
Jalen Williams,"['PG', 'SF', 'SG']",OKC
Goran Dragić,"['PG', 'SG']",
Steve Novak,"['PF', 'SF']",
Isaiah Mobley,"['PF', 'SF']",
Grant Golden,"['PF', 'SF']",
Jalen Adaway,"['PG', 'SG']",
Daryl Macon,"['PG', 'SG']",
Derrick Favors,['C'],
Obadiah Noel,"['PG', 'SG']",
Tevian Jones,"['PG', 'SG']",
Mike Scott,"['PF', 'SF']",
Scottie Lindsey,"['PG', 'SG']",
Danuel House,"['SF', 'SG']",
Steve Nash,"['PG', 'SG']",
D'Moi Hodge,"['PG', 'SG']",
Jordan Adams,"['PG', 'SG']",
Yoeli Childs,"['PF', 'SF']",
Eugene Omoruyi,['SF'],
Mike Miller,"['PF', 'PG', 'SF', 'SG']",
Jamarion Sharp,['C'],
Nerlens Noel,['C'],
Kyle Lowry,['PG'],PHI
Quinndary Weatherspoon,"['SF', 'SG']",
Andrew Wiggins,"['SF', 'SG']",MIA
Gary Harris,"['SF', 'SG']",ORL
Nic Claxton,"['C', 'PF']",BKN
Brodric Thomas,"['PG', 'SF', 'SG']",
Aaron Gordon,"['C', 'PF']",DEN
Kobe Bryant,"['PG', 'SF', 'SG']",
Taylor Hendricks,"['PF', 'SF']",UTA
Devin Carter,"['PG', 'SG']",SAC
Ivan Rabb,"['C', 'PF']",
Danny Green,"['PF', 'SF']",
Jason Thompson,"['C', 'PF']",
Xavier Cooks,"['PF', 'SF']",
Trevor Hudgins,"['PG', 'SG']",
Jordan Bell,['C'],
Wesley Johnson,"['PF', 'SF']",
Jordan Sibert,"['PG', 'SG']",
Alec Burks,"['PG', 'SF', 'SG']",MIA
Devon Dotson,['PG'],
Sir'Dominic Pointer,['SG'],
Scottie Barnes,"['PF', 'SF']",TOR
Paul Zipser,"['PF', 'SF']",
Ryan Anderson,"['PF', 'SF']",
Jerel McNeal,"['PG', 'SG']",
Deyonta Davis,"['PF', 'SF']",
Miye Oni,"['SF', 'SG']",
Jeremy Pargo,"['PG', 'SG']",
Arron Afflalo,"['PG', 'SG']",
Armoni Brooks,"['PG', 'SG']",
Breein Tyree,"['PG', 'SG']",
Ian Mahinmi,['C'],
Damion Lee,"['SF', 'SG']",PHX
Rayshaun Hammonds,"['PF', 'SF']",
Collin Sexton,"['PG', 'SF', 'SG']",UTA
Jawun Evans,"['PG', 'SG']",
Malik Hall,"['PF', 'SF']",
Jake Toolson,"['PG', 'SG']",
Lamar Patterson,"['PG', 'SG']",
Jordan Hawkins,"['PG', 'SF', 'SG']",NOP
Taylor Funk,"['PF', 'SF']",
DeAndre Jordan,['C'],DEN
Cory Joseph,"['PG', 'SG']",ORL
James Nunnally,"['PF', 'SF']",
Troy Williams,"['PF', 'SF']",
Eric Bledsoe,"['PG', 'SG']",
John Collins,"['C', 'PF']",UTA
Trendon Watford,"['C', 'PF', 'SF']",BKN
Chet Holmgren,"['C', 'PF']",OKC
Tyler Ennis,"['PG', 'SG']",
Bennedict Mathurin,"['SF', 'SG']",IND
James Nnaji,['C'],
Boris Diaw,"['C', 'PF']",
Santiago Vescovi,"['PG', 'SG']",
John Holland,"['PG', 'SG']",
Carlik Jones,['PG'],
DaRon Holmes,"['PF', 'SF']",DEN
Tarik Biberovic,"['PF', 'SF']",
Kevon Harris,"['PG', 'SG']",
Bobby Brown,"['PG', 'SG']",
Jose Alvarado,['PG'],NOP
Jamuni McNeace,['C'],
Jarell Martin,"['PF', 'SF']",
Andrea Bargnani,"['C', 'PF']",
Cameron Bairstow,"['C', 'PF']",
Chandler Vaudrin,"['PG', 'SG']",
Wenyen Gabriel,"['C', 'PF', 'SF']",
P.J. Tucker,['PF'],NYK
Lucas Nogueira,['C'],
DJ Horne,"['PG', 'SG']",
Kyle Mangas,"['PG', 'SG']",
Jeff Teague,"['PG', 'SG']",
Nicolas Batum,"['PF', 'SF']",LAC
Isaiah Whaley,"['PF', 'SF']",
Caleb Homesley,"['PG', 'SG']",
Josh Reaves,"['SF', 'SG']",
Chauncey Billups,"['PG', 'SG']",
Chuck Hayes,"['C', 'PF']",
Pete Nance,"['PF', 'SF']",MIL
Leonard Miller,['PF'],MIN
Brendan Haywood,['C'],
Bonzie Colson,"['PF', 'SF']",
Jaylen Clark,"['PF', 'SF', 'SG']",MIN
Kevin Porter,"['PG', 'SG']",MIL
Mac McClung,['PG'],ORL
Jarred Vanderbilt,['PF'],LAL
Jaime Echenique,['C'],
Samuel Dalembert,['C'],
Isaiah Collier,['PG'],UTA
AJ Green,"['PG', 'SG']",MIL
Justin Patton,['C'],
Max Heidegger,"['PG', 'SG']",
N Nenê,"['C', 'PF']",
Immanuel Quickley,"['PG', 'SG']",TOR
Kaiser Gates,"['PF', 'SF']",
Tony Wroten,"['PG', 'SG']",
Theo John,"['PF', 'SF']",
Jalen Duren,['C'],DET
Luis Montero,['SG'],
Rajon Rondo,"['PG', 'SG']",
Nikola Đurišić,"['PF', 'SF']",
Malcolm Lee,"['PG', 'SG']",
Pierre Jackson,"['PG', 'SG']",
Leandro Bolmaro,"['SF', 'SG']",
J.J. Hickson,"['C', 'PF']",
Sindarius Thornwell,"['PG', 'SG']",
Andrew Bogut,['C'],
Didi Louzada,"['PG', 'SG']",
Dante Cunningham,"['PF', 'SF']",
Thanasis Antetokounmpo,"['C', 'PF', 'SF']",
